"","Index","Variant","country","Location code","iso3","iso2","Type","Parent code","year","totalpop_jan","totalpop_jul","m49code_"
"1",74,"Estimates","World",900,NA,NA,"World",0,2023,"8056505.564","8091734.93","900"
"2",149,"Estimates","Sub-Saharan Africa",1834,NA,NA,"SDG region",1828,2023,"1196738.277","1212229.42","1834"
"3",223,"Estimates","Northern Africa and Western Asia",1833,NA,NA,"SDG region",1828,2023,"568040.469","572506.537","1833"
"4",297,"Estimates","Central and Southern Asia",1831,NA,NA,"SDG region",1828,2023,"2112791.911","2123893.323","1831"
"5",371,"Estimates","Eastern and South-Eastern Asia",1832,NA,NA,"SDG region",1828,2023,"2349572.733","2350145.73","1832"
"6",445,"Estimates","Latin America and the Caribbean",1830,NA,NA,"SDG region",1828,2023,"656575.828","658891.517","1830"
"7",519,"Estimates","Oceania (excluding Australia and New Zealand)",1835,NA,NA,"SDG region",1828,2023,"13827.509","13938.827","1835"
"8",593,"Estimates","Australia/New Zealand",1836,NA,NA,"SDG region",1828,2023,"31472.159","31623.96","1836"
"9",667,"Estimates","Europe and Northern America",1829,NA,NA,"SDG region",1828,2023,"1127486.678","1128505.616","1829"
"10",741,"Estimates","Europe, Northern America, Australia, and New Zealand",5502,NA,NA,"SDG region",1828,2023,"1158958.837","1160129.576","5502"
"11",816,"Estimates","More developed regions",901,NA,NA,"Development Group",1803,2023,"1283629.551","1284500.522","901"
"12",890,"Estimates","Less developed regions",902,NA,NA,"Development Group",1803,2023,"6772876.013","6807234.407","902"
"13",964,"Estimates","Least developed countries",941,NA,NA,"Development Group",902,2023,"1147676.012","1161055.55","941"
"14",1038,"Estimates","Less developed regions, excluding least developed countries",934,NA,NA,"Development Group",902,2023,"5625200.001","5646178.857","934"
"15",1112,"Estimates","Less developed regions, excluding China",948,NA,NA,"Development Group",1803,2023,"5317083.718","5353175.684","948"
"16",1186,"Estimates","Land-locked Developing Countries (LLDC)",1636,NA,NA,"Special other",1803,2023,"572243.875","579184.961","1636"
"17",1260,"Estimates","LLDC: Africa",2087,NA,NA,"Special other",1636,2023,"372653.688","378093.335","2087"
"18",1334,"Estimates","LLDC: Asia",2088,NA,NA,"Special other",1636,2023,"175712.351","177104.448","2088"
"19",1408,"Estimates","LLDC: Europe",2089,NA,NA,"Special other",1636,2023,"4916.815","4898.872","2089"
"20",1482,"Estimates","LLDC: Latin America",2090,NA,NA,"Special other",1636,2023,"18961.021","19088.305","2090"
"21",1556,"Estimates","Small Island Developing States (SIDS)",1637,NA,NA,"Special other",1803,2023,"72605.43","72894.707","1637"
"22",1630,"Estimates","SIDS Caribbean",2091,NA,NA,"Special other",1637,2023,"46001.46","46111.812","2091"
"23",1704,"Estimates","SIDS Pacific",2092,NA,NA,"Special other",1637,2023,"15190.593","15309.345","2092"
"24",1778,"Estimates","SIDS Atlantic, Indian Ocean and South China Sea (AIS)",2093,NA,NA,"Special other",1637,2023,"11413.377","11473.55","2093"
"25",1853,"Estimates","High-and-upper-middle-income countries",5503,NA,NA,"Income Group",1802,2023,"4067374.584","4072464.553","5503"
"26",1927,"Estimates","Low-and-Lower-middle-income countries",5504,NA,NA,"Income Group",1802,2023,"3959841.078","3989925.48","5504"
"27",2001,"Estimates","High-income countries",1503,NA,NA,"Income Group",1802,2023,"1258715.498","1261155.608","1503"
"28",2075,"Estimates","Low-and-middle-income countries",1859,NA,NA,"Income Group",1802,2023,"6768500.164","6801234.425","1859"
"29",2149,"Estimates","Middle-income countries",1517,NA,NA,"Income Group",1802,2023,"6042095.367","6064768.029","1517"
"30",2223,"Estimates","Upper-middle-income countries",1502,NA,NA,"Income Group",1517,2023,"2808659.086","2811308.945","1502"
"31",2297,"Estimates","Lower-middle-income countries",1501,NA,NA,"Income Group",1517,2023,"3233436.281","3253459.083","1501"
"32",2371,"Estimates","Low-income countries",1500,NA,NA,"Income Group",1802,2023,"726404.797","736466.397","1500"
"33",2445,"Estimates","No income group available",1518,NA,NA,"Income Group",1802,2023,"28912.625","28968.38","1518"
"34",2520,"Estimates","Africa",903,NA,NA,"Region",1840,2023,"1463627.143","1480770.525","903"
"35",2594,"Estimates","Eastern Africa",910,NA,NA,"Subregion",903,2023,"481376.957","487857.331","910"
"36",2668,"Estimates","Burundi",108,NA,NA,"Country/Area",910,2023,"13503.998","13689.45","108"
"37",2742,"Estimates","Comoros",174,NA,NA,"Country/Area",910,2023,"842.267","850.387","174"
"38",2816,"Estimates","Djibouti",262,NA,NA,"Country/Area",910,2023,"1145.015","1152.944","262"
"39",2890,"Estimates","Eritrea",232,NA,NA,"Country/Area",910,2023,"3438.999","3470.39","232"
"40",2964,"Estimates","Ethiopia",231,NA,NA,"Country/Area",910,2023,"127028.36","128691.692","231"
"41",3038,"Estimates","Kenya",404,NA,NA,"Country/Area",910,2023,"54793.511","55339.003","404"
"42",3112,"Estimates","Madagascar",450,NA,NA,"Country/Area",910,2023,"30813.475","31195.932","450"
"43",3186,"Estimates","Malawi",454,NA,NA,"Country/Area",910,2023,"20832.833","21104.482","454"
"44",3260,"Estimates","Mauritius",480,NA,NA,"Country/Area",910,2023,"1274.659","1273.588","480"
"45",3334,"Estimates","Mayotte",175,NA,NA,"Country/Area",910,2023,"310.779","316.015","175"
"46",3408,"Estimates","Mozambique",508,NA,NA,"Country/Area",910,2023,"33140.626","33635.16","508"
"47",3482,"Estimates","Réunion",638,NA,NA,"Country/Area",910,2023,"873.091","874.883","638"
"48",3556,"Estimates","Rwanda",646,NA,NA,"Country/Area",910,2023,"13802.596","13954.471","646"
"49",3630,"Estimates","Seychelles",690,NA,NA,"Country/Area",910,2023,"126.694","127.951","690"
"50",3704,"Estimates","Somalia",706,NA,NA,"Country/Area",910,2023,"18031.404","18358.615","706"
"51",3778,"Estimates","South Sudan",728,NA,NA,"Country/Area",910,2023,"11146.895","11483.374","728"
"52",3852,"Estimates","Uganda",800,NA,NA,"Country/Area",910,2023,"47981.11","48656.601","800"
"53",3926,"Estimates","United Republic of Tanzania",834,NA,NA,"Country/Area",910,2023,"65657.004","66617.606","834"
"54",4000,"Estimates","Zambia",894,NA,NA,"Country/Area",910,2023,"20430.382","20723.965","894"
"55",4074,"Estimates","Zimbabwe",716,NA,NA,"Country/Area",910,2023,"16203.259","16340.822","716"
"56",4148,"Estimates","Middle Africa",911,NA,NA,"Subregion",903,2023,"202700.272","206129.903","911"
"57",4222,"Estimates","Angola",24,NA,NA,"Country/Area",911,2023,"36186.956","36749.906","024"
"58",4296,"Estimates","Cameroon",120,NA,NA,"Country/Area",911,2023,"27997.833","28372.687","120"
"59",4370,"Estimates","Central African Republic",140,NA,NA,"Country/Area",911,2023,"5064.592","5152.421","140"
"60",4444,"Estimates","Chad",148,NA,NA,"Country/Area",911,2023,"18767.684","19319.064","148"
"61",4518,"Estimates","Congo",178,NA,NA,"Country/Area",911,2023,"6108.142","6182.885","178"
"62",4592,"Estimates","Democratic Republic of the Congo",180,NA,NA,"Country/Area",911,2023,"104063.312","105789.731","180"
"63",4666,"Estimates","Equatorial Guinea",226,NA,NA,"Country/Area",911,2023,"1825.48","1847.549","226"
"64",4740,"Estimates","Gabon",266,NA,NA,"Country/Area",911,2023,"2457.715","2484.789","266"
"65",4814,"Estimates","Sao Tome and Principe",678,NA,NA,"Country/Area",911,2023,"228.558","230.871","678"
"66",4888,"Estimates","Northern Africa",912,NA,NA,"Subregion",903,2023,"266888.866","268541.105","912"
"67",4962,"Estimates","Algeria",12,NA,NA,"Country/Area",912,2023,"45831.343","46164.219","012"
"68",5036,"Estimates","Egypt",818,NA,NA,"Country/Area",912,2023,"113493.134","114535.772","818"
"69",5110,"Estimates","Libya",434,NA,NA,"Country/Area",912,2023,"7268.778","7305.659","434"
"70",5184,"Estimates","Morocco",504,NA,NA,"Country/Area",912,2023,"37523.726","37712.505","504"
"71",5258,"Estimates","Sudan",729,NA,NA,"Country/Area",912,2023,"50037.008","50042.791","729"
"72",5332,"Estimates","Tunisia",788,NA,NA,"Country/Area",912,2023,"12160.602","12200.431","788"
"73",5406,"Estimates","Western Sahara",732,NA,NA,"Country/Area",912,2023,"574.275","579.729","732"
"74",5480,"Estimates","Southern Africa",913,NA,NA,"Subregion",903,2023,"71708.059","72197.701","913"
"75",5554,"Estimates","Botswana",72,NA,NA,"Country/Area",913,2023,"2459.937","2480.244","072"
"76",5628,"Estimates","Eswatini",748,NA,NA,"Country/Area",913,2023,"1224.706","1230.506","748"
"77",5702,"Estimates","Lesotho",426,NA,NA,"Country/Area",913,2023,"2298.496","2311.472","426"
"78",5776,"Estimates","Namibia",516,NA,NA,"Country/Area",913,2023,"2928.037","2963.095","516"
"79",5850,"Estimates","South Africa",710,NA,NA,"Country/Area",913,2023,"62796.883","63212.384","710"
"80",5924,"Estimates","Western Africa",914,NA,NA,"Subregion",903,2023,"440952.989","446044.485","914"
"81",5998,"Estimates","Benin",204,NA,NA,"Country/Area",914,2023,"13934.166","14111.034","204"
"82",6072,"Estimates","Burkina Faso",854,NA,NA,"Country/Area",914,2023,"22765.636","23025.776","854"
"83",6146,"Estimates","Cabo Verde",132,NA,NA,"Country/Area",914,2023,"521.047","522.331","132"
"84",6220,"Estimates","Côte d'Ivoire",384,NA,NA,"Country/Area",914,2023,"30783.52","31165.654","384"
"85",6294,"Estimates","Gambia",270,NA,NA,"Country/Area",914,2023,"2666.786","2697.845","270"
"86",6368,"Estimates","Ghana",288,NA,NA,"Country/Area",914,2023,"33467.371","33787.914","288"
"87",6442,"Estimates","Guinea",324,NA,NA,"Country/Area",914,2023,"14229.395","14405.468","324"
"88",6516,"Estimates","Guinea-Bissau",624,NA,NA,"Country/Area",914,2023,"2129.29","2153.339","624"
"89",6590,"Estimates","Liberia",430,NA,NA,"Country/Area",914,2023,"5432.67","5493.031","430"
"90",6664,"Estimates","Mali",466,NA,NA,"Country/Area",914,2023,"23415.909","23769.127","466"
"91",6738,"Estimates","Mauritania",478,NA,NA,"Country/Area",914,2023,"4948.362","5022.441","478"
"92",6812,"Estimates","Niger",562,NA,NA,"Country/Area",914,2023,"25727.295","26159.867","562"
"93",6886,"Estimates","Nigeria",566,NA,NA,"Country/Area",914,2023,"225494.749","227882.945","566"
"94",6960,"Estimates","Saint Helena",654,NA,NA,"Country/Area",914,2023,"5.318","5.289","654"
"95",7034,"Estimates","Senegal",686,NA,NA,"Country/Area",914,2023,"17867.073","18077.573","686"
"96",7108,"Estimates","Sierra Leone",694,NA,NA,"Country/Area",914,2023,"8368.119","8460.512","694"
"97",7182,"Estimates","Togo",768,NA,NA,"Country/Area",914,2023,"9196.283","9304.337","768"
"98",7256,"Estimates","Asia",935,NA,NA,"Region",1840,2023,"4763516.247","4778004.486","935"
"99",7330,"Estimates","Central Asia",5500,NA,NA,"Subregion",935,2023,"80092.661","80810.163","5500"
"100",7404,"Estimates","Kazakhstan",398,NA,NA,"Country/Area",5500,2023,"20196","20330.104","398"
"101",7478,"Estimates","Kyrgyzstan",417,NA,NA,"Country/Area",5500,2023,"7016.437","7073.516","417"
"102",7552,"Estimates","Tajikistan",762,NA,NA,"Country/Area",5500,2023,"10287.891","10389.799","762"
"103",7626,"Estimates","Turkmenistan",795,NA,NA,"Country/Area",5500,2023,"7298.173","7364.438","795"
"104",7700,"Estimates","Uzbekistan",860,NA,NA,"Country/Area",5500,2023,"35294.16","35652.307","860"
"105",7774,"Estimates","Eastern Asia",906,NA,NA,"Subregion",935,2023,"1662008.09","1660028.546","906"
"106",7848,"Estimates","China",156,NA,NA,"Country/Area",906,2023,"1424260.946","1422584.933","156"
"107",7922,"Estimates","China, Hong Kong SAR",344,NA,NA,"Country/Area",906,2023,"7452.391","7442.734","344"
"108",7996,"Estimates","China, Macao SAR",446,NA,NA,"Country/Area",906,2023,"708.956","713.912","446"
"109",8070,"Estimates","China, Taiwan Province of China",158,NA,NA,"Country/Area",906,2023,"23370.002","23317.145","158"
"110",8144,"Estimates","Dem. People's Republic of Korea",408,NA,NA,"Country/Area",906,2023,"26376.094","26418.204","408"
"111",8218,"Estimates","Japan",392,NA,NA,"Country/Area",906,2023,"124670.714","124370.947","392"
"112",8292,"Estimates","Mongolia",496,NA,NA,"Country/Area",906,2023,"3409.595","3431.932","496"
"113",8366,"Estimates","Republic of Korea",410,NA,NA,"Country/Area",906,2023,"51759.392","51748.739","410"
"114",8440,"Estimates","Southern Asia",5501,NA,NA,"Subregion",935,2023,"2032699.25","2043083.16","5501"
"115",8514,"Estimates","Afghanistan",4,NA,NA,"Country/Area",5501,2023,"40864.868","41454.761","004"
"116",8588,"Estimates","Bangladesh",50,NA,NA,"Country/Area",5501,2023,"170426.512","171466.99","050"
"117",8662,"Estimates","Bhutan",64,NA,NA,"Country/Area",5501,2023,"783.664","786.385","064"
"118",8736,"Estimates","India",356,NA,NA,"Country/Area",5501,2023,"1431702.948","1438069.596","356"
"119",8810,"Estimates","Iran (Islamic Republic of)",364,NA,NA,"Country/Area",5501,2023,"90102.637","90608.707","364"
"120",8884,"Estimates","Maldives",462,NA,NA,"Country/Area",5501,2023,"525.144","525.994","462"
"121",8958,"Estimates","Nepal",524,NA,NA,"Country/Area",5501,2023,"29715.279","29694.614","524"
"122",9032,"Estimates","Pakistan",586,NA,NA,"Country/Area",5501,2023,"245673.401","247504.495","586"
"123",9106,"Estimates","Sri Lanka",144,NA,NA,"Country/Area",5501,2023,"22904.797","22971.617","144"
"124",9180,"Estimates","South-Eastern Asia",920,NA,NA,"Subregion",935,2023,"687564.643","690117.184","920"
"125",9254,"Estimates","Brunei Darussalam",96,NA,NA,"Country/Area",920,2023,"457.028","458.949","096"
"126",9328,"Estimates","Cambodia",116,NA,NA,"Country/Area",920,2023,"17314.678","17423.88","116"
"127",9402,"Estimates","Indonesia",360,NA,NA,"Country/Area",920,2023,"280026.489","281190.067","360"
"128",9476,"Estimates","Lao People's Democratic Republic",418,NA,NA,"Country/Area",920,2023,"7612.311","7664.993","418"
"129",9550,"Estimates","Malaysia",458,NA,NA,"Country/Area",920,2023,"34908.354","35126.298","458"
"130",9624,"Estimates","Myanmar",104,NA,NA,"Country/Area",920,2023,"53947.114","54133.798","104"
"131",9698,"Estimates","Philippines",608,NA,NA,"Country/Area",920,2023,"114411.351","114891.199","608"
"132",9772,"Estimates","Singapore",702,NA,NA,"Country/Area",920,2023,"5765.718","5789.09","702"
"133",9846,"Estimates","Thailand",764,NA,NA,"Country/Area",920,2023,"71715.662","71702.435","764"
"134",9920,"Estimates","Timor-Leste",626,NA,NA,"Country/Area",920,2023,"1376.847","1384.286","626"
"135",9994,"Estimates","Viet Nam",704,NA,NA,"Country/Area",920,2023,"100029.091","100352.192","704"
"136",10068,"Estimates","Western Asia",922,NA,NA,"Subregion",935,2023,"301151.603","303965.432","922"
"137",10142,"Estimates","Armenia",51,NA,NA,"Country/Area",922,2023,"2902.348","2943.393","051"
"138",10216,"Estimates","Azerbaijan",31,NA,NA,"Country/Area",922,2023,"10331.625","10318.207","031"
"139",10290,"Estimates","Bahrain",48,NA,NA,"Country/Area",922,2023,"1551.527","1569.666","048"
"140",10364,"Estimates","Cyprus",196,NA,NA,"Country/Area",922,2023,"1338.114","1344.976","196"
"141",10438,"Estimates","Georgia",268,NA,NA,"Country/Area",922,2023,"3807.145","3807.492","268"
"142",10512,"Estimates","Iraq",368,NA,NA,"Country/Area",922,2023,"44590.195","45074.049","368"
"143",10586,"Estimates","Israel",376,NA,NA,"Country/Area",922,2023,"9190.811","9256.314","376"
"144",10660,"Estimates","Jordan",400,NA,NA,"Country/Area",922,2023,"11347.484","11439.213","400"
"145",10734,"Estimates","Kuwait",414,NA,NA,"Country/Area",922,2023,"4793.42","4838.782","414"
"146",10808,"Estimates","Lebanon",422,NA,NA,"Country/Area",922,2023,"5761.194","5773.493","422"
"147",10882,"Estimates","Oman",512,NA,NA,"Country/Area",922,2023,"4933.394","5049.269","512"
"148",10956,"Estimates","Qatar",634,NA,NA,"Country/Area",922,2023,"2945.712","2979.082","634"
"149",11030,"Estimates","Saudi Arabia",682,NA,NA,"Country/Area",922,2023,"32867.343","33264.292","682"
"150",11104,"Estimates","State of Palestine",275,NA,NA,"Country/Area",922,2023,"5367.977","5409.202","275"
"151",11178,"Estimates","Syrian Arab Republic",760,NA,NA,"Country/Area",922,2023,"23014.618","23594.623","760"
"152",11252,"Estimates","Türkiye",792,NA,NA,"Country/Area",922,2023,"87169.328","87270.501","792"
"153",11326,"Estimates","United Arab Emirates",784,NA,NA,"Country/Area",922,2023,"10445.031","10642.081","784"
"154",11400,"Estimates","Yemen",887,NA,NA,"Country/Area",922,2023,"38794.337","39390.799","887"
"155",11474,"Estimates","Europe",908,NA,NA,"Region",1840,2023,"745825.46","745602.875","908"
"156",11548,"Estimates","Eastern Europe",923,NA,NA,"Subregion",908,2023,"286750.088","286047.445","923"
"157",11622,"Estimates","Belarus",112,NA,NA,"Country/Area",923,2023,"9145.462","9115.68","112"
"158",11696,"Estimates","Bulgaria",100,NA,NA,"Country/Area",923,2023,"6813.384","6795.803","100"
"159",11770,"Estimates","Czechia",203,NA,NA,"Country/Area",923,2023,"10827.878","10809.716","203"
"160",11844,"Estimates","Hungary",348,NA,NA,"Country/Area",923,2023,"9683.205","9686.463","348"
"161",11918,"Estimates","Poland",616,NA,NA,"Country/Area",923,2023,"38813.949","38762.844","616"
"162",11992,"Estimates","Republic of Moldova",498,NA,NA,"Country/Area",923,2023,"3080.724","3067.07","498"
"163",12066,"Estimates","Romania",642,NA,NA,"Country/Area",923,2023,"19169.119","19118.479","642"
"164",12140,"Estimates","Russian Federation",643,NA,NA,"Country/Area",923,2023,"145675.42","145440.5","643"
"165",12214,"Estimates","Slovakia",703,NA,NA,"Country/Area",923,2023,"5516.536","5518.055","703"
"166",12288,"Estimates","Ukraine",804,NA,NA,"Country/Area",923,2023,"38024.411","37732.836","804"
"167",12362,"Estimates","Northern Europe",924,NA,NA,"Subregion",908,2023,"107925.86","108297.394","924"
"168",12436,"Estimates","Denmark",208,NA,NA,"Country/Area",924,2023,"5932.37","5948.136","208"
"169",12510,"Estimates","Estonia",233,NA,NA,"Country/Area",924,2023,"1367.166","1367.196","233"
"170",12584,"Estimates","Faroe Islands",234,NA,NA,"Country/Area",924,2023,"54.35","54.714","234"
"171",12658,"Estimates","Finland",246,NA,NA,"Country/Area",924,2023,"5590.327","5601.185","246"
"172",12732,"Estimates","Guernsey",831,NA,NA,"Country/Area",924,2023,"63.865","64.017","831"
"173",12806,"Estimates","Iceland",352,NA,NA,"Country/Area",924,2023,"384.375","387.558","352"
"174",12880,"Estimates","Ireland",372,NA,NA,"Country/Area",924,2023,"5165.835","5196.63","372"
"175",12954,"Estimates","Isle of Man",833,NA,NA,"Country/Area",924,2023,"84.158","84.165","833"
"176",13028,"Estimates","Jersey",832,NA,NA,"Country/Area",924,2023,"103.583","103.674","832"
"177",13102,"Estimates","Latvia",428,NA,NA,"Country/Area",924,2023,"1885.099","1882.396","428"
"178",13176,"Estimates","Lithuania",440,NA,NA,"Country/Area",924,2023,"2841.385","2854.099","440"
"179",13250,"Estimates","Norway",578,NA,NA,"Country/Area",924,2023,"5488.555","5519.167","578"
"180",13324,"Estimates","Sweden",752,NA,NA,"Country/Area",924,2023,"10521.91","10551.494","752"
"181",13398,"Estimates","United Kingdom",826,NA,NA,"Country/Area",924,2023,"68442.882","68682.962","826"
"182",13472,"Estimates","Southern Europe",925,NA,NA,"Subregion",908,2023,"151930.785","151720.922","925"
"183",13546,"Estimates","Albania",8,NA,NA,"Country/Area",925,2023,"2821.649","2811.655","008"
"184",13620,"Estimates","Andorra",20,NA,NA,"Country/Area",925,2023,"80.294","80.856","020"
"185",13694,"Estimates","Bosnia and Herzegovina",70,NA,NA,"Country/Area",925,2023,"3194.466","3185.073","070"
"186",13768,"Estimates","Croatia",191,NA,NA,"Country/Area",925,2023,"3902.712","3896.023","191"
"187",13842,"Estimates","Gibraltar",292,NA,NA,"Country/Area",925,2023,"38.022","38.471","292"
"188",13916,"Estimates","Greece",300,NA,NA,"Country/Area",925,2023,"10349.296","10242.908","300"
"189",13990,"Estimates","Holy See",336,NA,NA,"Country/Area",925,2023,"0.5","0.496","336"
"190",14064,"Estimates","Italy",380,NA,NA,"Country/Area",925,2023,"59563.765","59499.453","380"
"191",14138,"Estimates","Kosovo (under UNSC res. 1244)",412,NA,NA,"Country/Area",925,2023,"1709.14","1700.031","412"
"192",14212,"Estimates","Malta",470,NA,NA,"Country/Area",925,2023,"529.518","532.956","470"
"193",14286,"Estimates","Montenegro",499,NA,NA,"Country/Area",925,2023,"627.669","633.552","499"
"194",14360,"Estimates","North Macedonia",807,NA,NA,"Country/Area",925,2023,"1836.091","1831.802","807"
"195",14434,"Estimates","Portugal",620,NA,NA,"Country/Area",925,2023,"10430.825","10430.738","620"
"196",14508,"Estimates","San Marino",674,NA,NA,"Country/Area",925,2023,"33.858","33.733","674"
"197",14582,"Estimates","Serbia",688,NA,NA,"Country/Area",925,2023,"6788.068","6773.201","688"
"198",14656,"Estimates","Slovenia",705,NA,NA,"Country/Area",925,2023,"2117.568","2118.396","705"
"199",14730,"Estimates","Spain",724,NA,NA,"Country/Area",925,2023,"47907.344","47911.579","724"
"200",14804,"Estimates","Western Europe",926,NA,NA,"Subregion",908,2023,"199218.727","199537.113","926"
"201",14878,"Estimates","Austria",40,NA,NA,"Country/Area",926,2023,"9136.103","9130.429","040"
"202",14952,"Estimates","Belgium",56,NA,NA,"Country/Area",926,2023,"11698.104","11712.893","056"
"203",15026,"Estimates","France",250,NA,NA,"Country/Area",926,2023,"66381.485","66438.822","250"
"204",15100,"Estimates","Germany",276,NA,NA,"Country/Area",926,2023,"84400.899","84548.231","276"
"205",15174,"Estimates","Liechtenstein",438,NA,NA,"Country/Area",926,2023,"39.46","39.598","438"
"206",15248,"Estimates","Luxembourg",442,NA,NA,"Country/Area",926,2023,"660.992","665.098","442"
"207",15322,"Estimates","Monaco",492,NA,NA,"Country/Area",926,2023,"39.136","38.956","492"
"208",15396,"Estimates","Netherlands",528,NA,NA,"Country/Area",926,2023,"18019.495","18092.524","528"
"209",15470,"Estimates","Switzerland",756,NA,NA,"Country/Area",926,2023,"8843.053","8870.561","756"
"210",15545,"Estimates","Latin America and the Caribbean",904,NA,NA,"Region",1840,2023,"656575.828","658891.517","904"
"211",15619,"Estimates","Caribbean",915,NA,NA,"Subregion",904,2023,"44147.243","44249.267","915"
"212",15693,"Estimates","Anguilla",660,NA,NA,"Country/Area",915,2023,"14.297","14.41","660"
"213",15767,"Estimates","Antigua and Barbuda",28,NA,NA,"Country/Area",915,2023,"93.082","93.316","028"
"214",15841,"Estimates","Aruba",533,NA,NA,"Country/Area",915,2023,"107.868","107.939","533"
"215",15915,"Estimates","Bahamas",44,NA,NA,"Country/Area",915,2023,"398.515","399.44","044"
"216",15989,"Estimates","Barbados",52,NA,NA,"Country/Area",915,2023,"282.296","282.336","052"
"217",16063,"Estimates","Bonaire, Sint Eustatius and Saba",535,NA,NA,"Country/Area",915,2023,"29.473","29.898","535"
"218",16137,"Estimates","British Virgin Islands",92,NA,NA,"Country/Area",915,2023,"38.643","38.985","092"
"219",16211,"Estimates","Cayman Islands",136,NA,NA,"Country/Area",915,2023,"72.32","73.038","136"
"220",16285,"Estimates","Cuba",192,NA,NA,"Country/Area",915,2023,"11039.268","11019.931","192"
"221",16359,"Estimates","Curaçao",531,NA,NA,"Country/Area",915,2023,"185.394","185.427","531"
"222",16433,"Estimates","Dominica",212,NA,NA,"Country/Area",915,2023,"66.668","66.51","212"
"223",16507,"Estimates","Dominican Republic",214,NA,NA,"Country/Area",915,2023,"11282.543","11331.265","214"
"224",16581,"Estimates","Grenada",308,NA,NA,"Country/Area",915,2023,"117.007","117.081","308"
"225",16655,"Estimates","Guadeloupe",312,NA,NA,"Country/Area",915,2023,"377.277","376.517","312"
"226",16729,"Estimates","Haiti",332,NA,NA,"Country/Area",915,2023,"11569.602","11637.398","332"
"227",16803,"Estimates","Jamaica",388,NA,NA,"Country/Area",915,2023,"2839.75","2839.786","388"
"228",16877,"Estimates","Martinique",474,NA,NA,"Country/Area",915,2023,"347.427","346.002","474"
"229",16951,"Estimates","Montserrat",500,NA,NA,"Country/Area",915,2023,"4.436","4.42","500"
"230",17025,"Estimates","Puerto Rico",630,NA,NA,"Country/Area",915,2023,"3240.012","3242.023","630"
"231",17099,"Estimates","Saint Barthélemy",652,NA,NA,"Country/Area",915,2023,"10.993","11.085","652"
"232",17173,"Estimates","Saint Kitts and Nevis",659,NA,NA,"Country/Area",915,2023,"46.713","46.758","659"
"233",17247,"Estimates","Saint Lucia",662,NA,NA,"Country/Area",915,2023,"179.046","179.285","662"
"234",17321,"Estimates","Saint Martin (French part)",663,NA,NA,"Country/Area",915,2023,"28.257","27.515","663"
"235",17395,"Estimates","Saint Vincent and the Grenadines",670,NA,NA,"Country/Area",915,2023,"101.679","101.323","670"
"236",17469,"Estimates","Sint Maarten (Dutch part)",534,NA,NA,"Country/Area",915,2023,"42.442","42.749","534"
"237",17543,"Estimates","Trinidad and Tobago",780,NA,NA,"Country/Area",915,2023,"1500.11","1502.932","780"
"238",17617,"Estimates","Turks and Caicos Islands",796,NA,NA,"Country/Area",915,2023,"46.026","46.198","796"
"239",17691,"Estimates","United States Virgin Islands",850,NA,NA,"Country/Area",915,2023,"86.099","85.701","850"
"240",17765,"Estimates","Central America",916,NA,NA,"Subregion",904,2023,"180713.451","181618.074","916"
"241",17839,"Estimates","Belize",84,NA,NA,"Country/Area",916,2023,"408.114","411.106","084"
"242",17913,"Estimates","Costa Rica",188,NA,NA,"Country/Area",916,2023,"5092.976","5105.525","188"
"243",17987,"Estimates","El Salvador",222,NA,NA,"Country/Area",916,2023,"6295.263","6309.624","222"
"244",18061,"Estimates","Guatemala",320,NA,NA,"Country/Area",916,2023,"17984.483","18124.838","320"
"245",18135,"Estimates","Honduras",340,NA,NA,"Country/Area",916,2023,"10554.31","10644.851","340"
"246",18209,"Estimates","Mexico",484,NA,NA,"Country/Area",916,2023,"129171.119","129739.759","484"
"247",18283,"Estimates","Nicaragua",558,NA,NA,"Country/Area",916,2023,"6777.156","6823.613","558"
"248",18357,"Estimates","Panama",591,NA,NA,"Country/Area",916,2023,"4430.03","4458.759","591"
"249",18431,"Estimates","South America",931,NA,NA,"Subregion",904,2023,"431715.134","433024.175","931"
"250",18505,"Estimates","Argentina",32,NA,NA,"Country/Area",931,2023,"45459.024","45538.401","032"
"251",18579,"Estimates","Bolivia (Plurinational State of)",68,NA,NA,"Country/Area",931,2023,"12159.495","12244.159","068"
"252",18653,"Estimates","Brazil",76,NA,NA,"Country/Area",931,2023,"210707","211140.729","076"
"253",18727,"Estimates","Chile",152,NA,NA,"Country/Area",931,2023,"19603.239","19658.835","152"
"254",18801,"Estimates","Colombia",170,NA,NA,"Country/Area",931,2023,"52032.604","52321.152","170"
"255",18875,"Estimates","Ecuador",218,NA,NA,"Country/Area",931,2023,"17902.009","17980.083","218"
"256",18949,"Estimates","Falkland Islands (Malvinas)",238,NA,NA,"Country/Area",931,2023,"3.483","3.477","238"
"257",19023,"Estimates","French Guiana",254,NA,NA,"Country/Area",931,2023,"300.843","303.402","254"
"258",19097,"Estimates","Guyana",328,NA,NA,"Country/Area",931,2023,"824.074","826.353","328"
"259",19171,"Estimates","Paraguay",600,NA,NA,"Country/Area",931,2023,"6801.526","6844.146","600"
"260",19245,"Estimates","Peru",604,NA,NA,"Country/Area",931,2023,"33656.344","33845.617","604"
"261",19319,"Estimates","Suriname",740,NA,NA,"Country/Area",931,2023,"626.028","628.886","740"
"262",19393,"Estimates","Uruguay",858,NA,NA,"Country/Area",931,2023,"3388.682","3388.081","858"
"263",19467,"Estimates","Venezuela (Bolivarian Republic of)",862,NA,NA,"Country/Area",931,2023,"28250.783","28300.854","862"
"264",19541,"Estimates","Northern America",905,NA,NA,"Region",1840,2023,"381661.218","382902.742","905"
"265",19615,"Estimates","Bermuda",60,NA,NA,"Country/Area",905,2023,"64.724","64.698","060"
"266",19689,"Estimates","Canada",124,NA,NA,"Country/Area",905,2023,"39059.725","39299.105","124"
"267",19763,"Estimates","Greenland",304,NA,NA,"Country/Area",905,2023,"55.962","55.922","304"
"268",19837,"Estimates","Saint Pierre and Miquelon",666,NA,NA,"Country/Area",905,2023,"5.709","5.681","666"
"269",19911,"Estimates","United States of America",840,NA,NA,"Country/Area",905,2023,"342475.098","343477.335","840"
"270",19985,"Estimates","Oceania",909,NA,NA,"Region",1840,2023,"45299.668","45562.787","909"
"271",20059,"Estimates","Australia/New Zealand",927,NA,NA,"Subregion",909,2023,"31472.159","31623.96","927"
"272",20133,"Estimates","Australia",36,NA,NA,"Country/Area",927,2023,"26320.802","26451.124","036"
"273",20207,"Estimates","New Zealand",554,NA,NA,"Country/Area",927,2023,"5151.357","5172.836","554"
"274",20281,"Estimates","Melanesia",928,NA,NA,"Subregion",909,2023,"12613.63","12724.064","928"
"275",20355,"Estimates","Fiji",242,NA,NA,"Country/Area",928,2023,"921.747","924.145","242"
"276",20429,"Estimates","New Caledonia",540,NA,NA,"Country/Area",928,2023,"288.47","289.87","540"
"277",20503,"Estimates","Papua New Guinea",598,NA,NA,"Country/Area",928,2023,"10296.209","10389.635","598"
"278",20577,"Estimates","Solomon Islands",90,NA,NA,"Country/Area",928,2023,"790.472","800.005","090"
"279",20651,"Estimates","Vanuatu",548,NA,NA,"Country/Area",928,2023,"316.732","320.409","548"
"280",20725,"Estimates","Micronesia",954,NA,NA,"Subregion",909,2023,"524.443","525.24","954"
"281",20799,"Estimates","Guam",316,NA,NA,"Country/Area",954,2023,"165.858","166.506","316"
"282",20873,"Estimates","Kiribati",296,NA,NA,"Country/Area",954,2023,"131.534","132.53","296"
"283",20947,"Estimates","Marshall Islands",584,NA,NA,"Country/Area",954,2023,"39.472","38.827","584"
"284",21021,"Estimates","Micronesia (Fed. States of)",583,NA,NA,"Country/Area",954,2023,"112.368","112.63","583"
"285",21095,"Estimates","Nauru",520,NA,NA,"Country/Area",954,2023,"11.845","11.875","520"
"286",21169,"Estimates","Northern Mariana Islands",580,NA,NA,"Country/Area",954,2023,"45.618","45.143","580"
"287",21243,"Estimates","Palau",585,NA,NA,"Country/Area",954,2023,"17.748","17.727","585"
"288",21317,"Estimates","Polynesia",957,NA,NA,"Subregion",909,2023,"689.436","689.523","957"
"289",21391,"Estimates","American Samoa",16,NA,NA,"Country/Area",957,2023,"47.901","47.521","016"
"290",21465,"Estimates","Cook Islands",184,NA,NA,"Country/Area",957,2023,"14.477","14.222","184"
"291",21539,"Estimates","French Polynesia",258,NA,NA,"Country/Area",957,2023,"280.771","281.118","258"
"292",21613,"Estimates","Niue",570,NA,NA,"Country/Area",957,2023,"1.82","1.817","570"
"293",21687,"Estimates","Samoa",882,NA,NA,"Country/Area",957,2023,"215.984","216.663","882"
"294",21761,"Estimates","Tokelau",772,NA,NA,"Country/Area",957,2023,"2.342","2.397","772"
"295",21835,"Estimates","Tonga",776,NA,NA,"Country/Area",957,2023,"104.816","104.597","776"
"296",21909,"Estimates","Tuvalu",798,NA,NA,"Country/Area",957,2023,"9.904","9.816","798"
"297",21983,"Estimates","Wallis and Futuna Islands",876,NA,NA,"Country/Area",957,2023,"11.421","11.37","876"
"298",27,"Medium","World",900,NA,NA,"World",0,2050,"9644036.216","9664378.587","900"
"299",105,"Medium","Sub-Saharan Africa",1834,NA,NA,"SDG region",1828,2050,"2077071.379","2093621.996","1834"
"300",182,"Medium","Northern Africa and Western Asia",1833,NA,NA,"SDG region",1828,2050,"788839.747","792346.044","1833"
"301",259,"Medium","Central and Southern Asia",1831,NA,NA,"SDG region",1828,2050,"2613433.487","2619449.617","1831"
"302",336,"Medium","Eastern and South-Eastern Asia",1832,NA,NA,"SDG region",1828,2050,"2247152.51","2241608.361","1832"
"303",413,"Medium","Latin America and the Caribbean",1830,NA,NA,"SDG region",1828,2050,"729815.97","730056.747","1830"
"304",490,"Medium","Oceania (excluding Australia and New Zealand)",1835,NA,NA,"SDG region",1828,2050,"19340.272","19425.921","1835"
"305",567,"Medium","Australia/New Zealand",1836,NA,NA,"SDG region",1828,2050,"38151.734","38262.257","1836"
"306",644,"Medium","Europe and Northern America",1829,NA,NA,"SDG region",1828,2050,"1130231.117","1129607.644","1829"
"307",721,"Medium","Europe, Northern America, Australia, and New Zealand",5502,NA,NA,"SDG region",1828,2050,"1168382.851","1167869.901","5502"
"308",799,"Medium","More developed regions",901,NA,NA,"Development Group",1803,2050,"1273841.57","1272993.069","901"
"309",876,"Medium","Less developed regions",902,NA,NA,"Development Group",1803,2050,"8370194.646","8391385.519","902"
"310",953,"Medium","Least developed countries",941,NA,NA,"Development Group",902,2050,"1933392.75","1948140.101","941"
"311",1030,"Medium","Less developed regions, excluding least developed countries",934,NA,NA,"Development Group",902,2050,"6436801.896","6443245.418","934"
"312",1107,"Medium","Less developed regions, excluding China",948,NA,NA,"Development Group",1803,2050,"7078405.242","7104902.346","948"
"313",1184,"Medium","Land-locked Developing Countries (LLDC)",1636,NA,NA,"Special other",1803,2050,"946165.303","952944.6","1636"
"314",1261,"Medium","LLDC: Africa",2087,NA,NA,"Special other",1636,2050,"664922.33","670328.747","2087"
"315",1338,"Medium","LLDC: Asia",2088,NA,NA,"Special other",1636,2050,"252688.008","254000.731","2088"
"316",1415,"Medium","LLDC: Europe",2089,NA,NA,"Special other",1636,2050,"3881.193","3864.497","2089"
"317",1492,"Medium","LLDC: Latin America",2090,NA,NA,"Special other",1636,2050,"24673.772","24750.626","2090"
"318",1569,"Medium","Small Island Developing States (SIDS)",1637,NA,NA,"Special other",1803,2050,"82983.748","83078.08","1637"
"319",1646,"Medium","SIDS Caribbean",2091,NA,NA,"Special other",1637,2050,"48199.171","48178.867","2091"
"320",1723,"Medium","SIDS Pacific",2092,NA,NA,"Special other",1637,2050,"21207.182","21301.201","2092"
"321",1800,"Medium","SIDS Atlantic, Indian Ocean and South China Sea (AIS)",2093,NA,NA,"Special other",1637,2050,"13577.395","13598.011","2093"
"322",1878,"Medium","High-and-upper-middle-income countries",5503,NA,NA,"Income Group",1802,2050,"4091795.784","4087248.86","5503"
"323",1955,"Medium","Low-and-Lower-middle-income countries",5504,NA,NA,"Income Group",1802,2050,"5519973.862","5544845.094","5504"
"324",2032,"Medium","High-income countries",1503,NA,NA,"Income Group",1802,2050,"1291051.94","1290739.282","1503"
"325",2109,"Medium","Low-and-middle-income countries",1859,NA,NA,"Income Group",1802,2050,"8320717.706","8341354.672","1859"
"326",2186,"Medium","Middle-income countries",1517,NA,NA,"Income Group",1802,2050,"7013560.104","7023213.906","1517"
"327",2263,"Medium","Upper-middle-income countries",1502,NA,NA,"Income Group",1517,2050,"2800743.844","2796509.578","1502"
"328",2340,"Medium","Lower-middle-income countries",1501,NA,NA,"Income Group",1517,2050,"4212816.26","4226704.328","1501"
"329",2417,"Medium","Low-income countries",1500,NA,NA,"Income Group",1802,2050,"1307157.602","1318140.765","1500"
"330",2494,"Medium","No income group available",1518,NA,NA,"Income Group",1802,2050,"31938.976","31958.315","1518"
"331",2572,"Medium","Africa",903,NA,NA,"Region",1840,2050,"2448400.021","2466647.618","903"
"332",2649,"Medium","Eastern Africa",910,NA,NA,"Subregion",903,2050,"848600.933","855453.353","910"
"333",2726,"Medium","Burundi",108,NA,NA,"Country/Area",910,2050,"23949.994","24131.72","108"
"334",2803,"Medium","Comoros",174,NA,NA,"Country/Area",910,2050,"1298.966","1307.558","174"
"335",2880,"Medium","Djibouti",262,NA,NA,"Country/Area",910,2050,"1525.301","1530.54","262"
"336",2957,"Medium","Eritrea",232,NA,NA,"Country/Area",910,2050,"5656.427","5696.062","232"
"337",3034,"Medium","Ethiopia",231,NA,NA,"Country/Area",910,2050,"223205.803","225021.875","231"
"338",3111,"Medium","Kenya",404,NA,NA,"Country/Area",910,2050,"83160.549","83593.239","404"
"339",3188,"Medium","Madagascar",450,NA,NA,"Country/Area",910,2050,"52769.059","53185.475","450"
"340",3265,"Medium","Malawi",454,NA,NA,"Country/Area",910,2050,"37061.869","37361.683","454"
"341",3342,"Medium","Mauritius",480,NA,NA,"Country/Area",910,2050,"1112.142","1107.197","480"
"342",3419,"Medium","Mayotte",175,NA,NA,"Country/Area",910,2050,"638.422","645.426","175"
"343",3496,"Medium","Mozambique",508,NA,NA,"Country/Area",910,2050,"62971.941","63530.952","508"
"344",3573,"Medium","Réunion",638,NA,NA,"Country/Area",910,2050,"941.605","941.413","638"
"345",3650,"Medium","Rwanda",646,NA,NA,"Country/Area",910,2050,"22560.007","22707.91","646"
"346",3727,"Medium","Seychelles",690,NA,NA,"Country/Area",910,2050,"141.854","141.746","690"
"347",3804,"Medium","Somalia",706,NA,NA,"Country/Area",910,2050,"36834.382","37206.512","706"
"348",3881,"Medium","South Sudan",728,NA,NA,"Country/Area",910,2050,"18243.51","18341.974","728"
"349",3958,"Medium","Uganda",800,NA,NA,"Country/Area",910,2050,"84783.555","85431.202","800"
"350",4035,"Medium","United Republic of Tanzania",834,NA,NA,"Country/Area",910,2050,"128293.576","129621.102","834"
"351",4112,"Medium","Zambia",894,NA,NA,"Country/Area",910,2050,"37760.282","38083.385","894"
"352",4189,"Medium","Zimbabwe",716,NA,NA,"Country/Area",910,2050,"25691.689","25866.385","716"
"353",4266,"Medium","Middle Africa",911,NA,NA,"Subregion",903,2050,"407434.898","411712.069","911"
"354",4343,"Medium","Angola",24,NA,NA,"Country/Area",911,2050,"73497.124","74295.394","024"
"355",4420,"Medium","Cameroon",120,NA,NA,"Country/Area",911,2050,"50651.206","51096.317","120"
"356",4497,"Medium","Central African Republic",140,NA,NA,"Country/Area",911,2050,"10507.707","10616.753","140"
"357",4574,"Medium","Chad",148,NA,NA,"Country/Area",911,2050,"38469.565","38857.686","148"
"358",4651,"Medium","Congo",178,NA,NA,"Country/Area",911,2050,"10909.683","11006.471","178"
"359",4728,"Medium","Democratic Republic of the Congo",180,NA,NA,"Country/Area",911,2050,"215863.204","218246.072","180"
"360",4805,"Medium","Equatorial Guinea",226,NA,NA,"Country/Area",911,2050,"3120.671","3143.728","226"
"361",4882,"Medium","Gabon",266,NA,NA,"Country/Area",911,2050,"4052.998","4084.533","266"
"362",4959,"Medium","Sao Tome and Principe",678,NA,NA,"Country/Area",911,2050,"362.74","365.115","678"
"363",5036,"Medium","Northern Africa",912,NA,NA,"Subregion",903,2050,"371328.642","373025.622","912"
"364",5113,"Medium","Algeria",12,NA,NA,"Country/Area",912,2050,"59354.849","59565.554","012"
"365",5190,"Medium","Egypt",818,NA,NA,"Country/Area",912,2050,"160903.98","161630.192","818"
"366",5267,"Medium","Libya",434,NA,NA,"Country/Area",912,2050,"9234.542","9260.605","434"
"367",5344,"Medium","Morocco",504,NA,NA,"Country/Area",912,2050,"43399.092","43440.431","504"
"368",5421,"Medium","Sudan",729,NA,NA,"Country/Area",912,2050,"84518.643","85206.383","729"
"369",5498,"Medium","Tunisia",788,NA,NA,"Country/Area",912,2050,"13142.428","13145.141","788"
"370",5575,"Medium","Western Sahara",732,NA,NA,"Country/Area",912,2050,"775.108","777.316","732"
"371",5652,"Medium","Southern Africa",913,NA,NA,"Subregion",903,2050,"91335.819","91625.466","913"
"372",5729,"Medium","Botswana",72,NA,NA,"Country/Area",913,2050,"3423.337","3437.43","072"
"373",5806,"Medium","Eswatini",748,NA,NA,"Country/Area",913,2050,"1502.628","1505.331","748"
"374",5883,"Medium","Lesotho",426,NA,NA,"Country/Area",913,2050,"2982.808","2993.077","426"
"375",5960,"Medium","Namibia",516,NA,NA,"Country/Area",913,2050,"4485.659","4512.301","516"
"376",6037,"Medium","South Africa",710,NA,NA,"Country/Area",913,2050,"78941.387","79177.328","710"
"377",6114,"Medium","Western Africa",914,NA,NA,"Subregion",903,2050,"729699.729","734831.108","914"
"378",6191,"Medium","Benin",204,NA,NA,"Country/Area",914,2050,"24236.532","24433.809","204"
"379",6268,"Medium","Burkina Faso",854,NA,NA,"Country/Area",914,2050,"37065.76","37304.383","854"
"380",6345,"Medium","Cabo Verde",132,NA,NA,"Country/Area",914,2050,"566.068","566.134","132"
"381",6422,"Medium","Côte d'Ivoire",384,NA,NA,"Country/Area",914,2050,"55241.372","55746.985","384"
"382",6499,"Medium","Gambia",270,NA,NA,"Country/Area",914,2050,"4274.964","4301.895","270"
"383",6576,"Medium","Ghana",288,NA,NA,"Country/Area",914,2050,"50270.362","50553.047","288"
"384",6653,"Medium","Guinea",324,NA,NA,"Country/Area",914,2050,"23248.154","23404.584","324"
"385",6730,"Medium","Guinea-Bissau",624,NA,NA,"Country/Area",914,2050,"3416.008","3438.608","624"
"386",6807,"Medium","Liberia",430,NA,NA,"Country/Area",914,2050,"8856.741","8910.53","430"
"387",6884,"Medium","Mali",466,NA,NA,"Country/Area",914,2050,"45715.849","46154.079","466"
"388",6961,"Medium","Mauritania",478,NA,NA,"Country/Area",914,2050,"9327.872","9415.598","478"
"389",7038,"Medium","Niger",562,NA,NA,"Country/Area",914,2050,"51997.967","52513.876","562"
"390",7115,"Medium","Nigeria",566,NA,NA,"Country/Area",914,2050,"357001.017","359185.556","566"
"391",7192,"Medium","Saint Helena",654,NA,NA,"Country/Area",914,2050,"3.993","3.968","654"
"392",7269,"Medium","Senegal",686,NA,NA,"Country/Area",914,2050,"30138.098","30364.954","686"
"393",7346,"Medium","Sierra Leone",694,NA,NA,"Country/Area",914,2050,"12875.949","12948.325","694"
"394",7423,"Medium","Togo",768,NA,NA,"Country/Area",914,2050,"15463.023","15584.778","768"
"395",7500,"Medium","Asia",935,NA,NA,"Region",1840,2050,"5278097.102","5280378.401","935"
"396",7577,"Medium","Central Asia",5500,NA,NA,"Subregion",935,2050,"113048.271","113612.322","5500"
"397",7654,"Medium","Kazakhstan",398,NA,NA,"Country/Area",5500,2050,"26436.975","26544.265","398"
"398",7731,"Medium","Kyrgyzstan",417,NA,NA,"Country/Area",5500,2050,"9602.753","9642.952","417"
"399",7808,"Medium","Tajikistan",762,NA,NA,"Country/Area",5500,2050,"15492.103","15574.642","762"
"400",7885,"Medium","Turkmenistan",795,NA,NA,"Country/Area",5500,2050,"9611.198","9639.708","795"
"401",7962,"Medium","Uzbekistan",860,NA,NA,"Country/Area",5500,2050,"51905.242","52210.755","860"
"402",8039,"Medium","Eastern Asia",906,NA,NA,"Subregion",935,2050,"1472940.284","1467038.093","906"
"403",8116,"Medium","China",156,NA,NA,"Country/Area",906,2050,"1265452.312","1260289.093","156"
"404",8193,"Medium","China, Hong Kong SAR",344,NA,NA,"Country/Area",906,2050,"6130.903","6090.619","344"
"405",8270,"Medium","China, Macao SAR",446,NA,NA,"Country/Area",906,2050,"670.881","668.86","446"
"406",8347,"Medium","China, Taiwan Province of China",158,NA,NA,"Country/Area",906,2050,"19535.308","19434.6","158"
"407",8424,"Medium","Dem. People's Republic of Korea",408,NA,NA,"Country/Area",906,2050,"25834.076","25787.127","408"
"408",8501,"Medium","Japan",392,NA,NA,"Country/Area",906,2050,"105458.719","105123.167","392"
"409",8578,"Medium","Mongolia",496,NA,NA,"Country/Area",906,2050,"4484.156","4501.493","496"
"410",8655,"Medium","Republic of Korea",410,NA,NA,"Country/Area",906,2050,"45373.929","45143.134","410"
"411",8732,"Medium","Southern Asia",5501,NA,NA,"Subregion",935,2050,"2500385.216","2505837.296","5501"
"412",8809,"Medium","Afghanistan",4,NA,NA,"Country/Area",5501,2050,"76238.717","76885.135","004"
"413",8886,"Medium","Bangladesh",50,NA,NA,"Country/Area",5501,2050,"214180.172","214709.097","050"
"414",8963,"Medium","Bhutan",64,NA,NA,"Country/Area",5501,2050,"881.833","882.34","064"
"415",9040,"Medium","India",356,NA,NA,"Country/Area",5501,2050,"1677686.95","1679589.259","356"
"416",9117,"Medium","Iran (Islamic Republic of)",364,NA,NA,"Country/Area",5501,2050,"101812.773","101861.993","364"
"417",9194,"Medium","Maldives",462,NA,NA,"Country/Area",5501,2050,"589.054","589.962","462"
"418",9271,"Medium","Nepal",524,NA,NA,"Country/Area",5501,2050,"34572.943","34642.027","524"
"419",9348,"Medium","Pakistan",586,NA,NA,"Country/Area",5501,2050,"369610.589","371863.793","586"
"420",9425,"Medium","Sri Lanka",144,NA,NA,"Country/Area",5501,2050,"24812.185","24813.69","144"
"421",9502,"Medium","South-Eastern Asia",920,NA,NA,"Subregion",935,2050,"774212.226","774570.267","920"
"422",9579,"Medium","Brunei Darussalam",96,NA,NA,"Country/Area",920,2050,"519.157","519.551","096"
"423",9656,"Medium","Cambodia",116,NA,NA,"Country/Area",920,2050,"21873.714","21931.455","116"
"424",9733,"Medium","Indonesia",360,NA,NA,"Country/Area",920,2050,"320462.393","320712.949","360"
"425",9810,"Medium","Lao People's Democratic Republic",418,NA,NA,"Country/Area",920,2050,"9733.998","9757.285","418"
"426",9887,"Medium","Malaysia",458,NA,NA,"Country/Area",920,2050,"44178.897","44289.772","458"
"427",9964,"Medium","Myanmar",104,NA,NA,"Country/Area",920,2050,"58630.433","58623.232","104"
"428",10041,"Medium","Philippines",608,NA,NA,"Country/Area",920,2050,"134243.619","134373.439","608"
"429",10118,"Medium","Singapore",702,NA,NA,"Country/Area",920,2050,"6090.563","6081.691","702"
"430",10195,"Medium","Thailand",764,NA,NA,"Country/Area",920,2050,"66577.96","66382.735","764"
"431",10272,"Medium","Timor-Leste",626,NA,NA,"Country/Area",920,2050,"1880.897","1889.249","626"
"432",10349,"Medium","Viet Nam",704,NA,NA,"Country/Area",920,2050,"110020.595","110008.908","704"
"433",10426,"Medium","Western Asia",922,NA,NA,"Subregion",935,2050,"417511.105","419320.422","922"
"434",10503,"Medium","Armenia",51,NA,NA,"Country/Area",922,2050,"2503.559","2495.207","051"
"435",10580,"Medium","Azerbaijan",31,NA,NA,"Country/Area",922,2050,"11224.531","11224.923","031"
"436",10657,"Medium","Bahrain",48,NA,NA,"Country/Area",922,2050,"2130.243","2139.465","048"
"437",10734,"Medium","Cyprus",196,NA,NA,"Country/Area",922,2050,"1507.913","1508.482","196"
"438",10811,"Medium","Georgia",268,NA,NA,"Country/Area",922,2050,"3668.43","3664.014","268"
"439",10888,"Medium","Iraq",368,NA,NA,"Country/Area",922,2050,"71476.409","71928.75","368"
"440",10965,"Medium","Israel",376,NA,NA,"Country/Area",922,2050,"13016.424","13092.722","376"
"441",11042,"Medium","Jordan",400,NA,NA,"Country/Area",922,2050,"16282.67","16367.354","400"
"442",11119,"Medium","Kuwait",414,NA,NA,"Country/Area",922,2050,"6340.996","6367.756","414"
"443",11196,"Medium","Lebanon",422,NA,NA,"Country/Area",922,2050,"6986.186","6999.26","422"
"444",11273,"Medium","Oman",512,NA,NA,"Country/Area",922,2050,"7780.512","7827.002","512"
"445",11350,"Medium","Qatar",634,NA,NA,"Country/Area",922,2050,"4140.482","4164.461","634"
"446",11427,"Medium","Saudi Arabia",682,NA,NA,"Country/Area",922,2050,"47441.7","47693.91","682"
"447",11504,"Medium","State of Palestine",275,NA,NA,"Country/Area",922,2050,"8397.46","8451.891","275"
"448",11581,"Medium","Syrian Arab Republic",760,NA,NA,"Country/Area",922,2050,"37634.934","37793.372","760"
"449",11658,"Medium","Türkiye",792,NA,NA,"Country/Area",922,2050,"91311.298","91258.061","792"
"450",11735,"Medium","United Arab Emirates",784,NA,NA,"Country/Area",922,2050,"15279.41","15367.392","784"
"451",11812,"Medium","Yemen",887,NA,NA,"Country/Area",922,2050,"70387.948","70976.403","887"
"452",11889,"Medium","Europe",908,NA,NA,"Region",1840,2050,"704160.178","703027.759","908"
"453",11966,"Medium","Eastern Europe",923,NA,NA,"Subregion",908,2050,"256253.038","255659.22","923"
"454",12043,"Medium","Belarus",112,NA,NA,"Country/Area",923,2050,"7485.739","7453.546","112"
"455",12120,"Medium","Bulgaria",100,NA,NA,"Country/Area",923,2050,"5426.371","5402.217","100"
"456",12197,"Medium","Czechia",203,NA,NA,"Country/Area",923,2050,"9840.449","9825.543","203"
"457",12274,"Medium","Hungary",348,NA,NA,"Country/Area",923,2050,"8741.023","8725.347","348"
"458",12351,"Medium","Poland",616,NA,NA,"Country/Area",923,2050,"32939.44","32814.096","616"
"459",12428,"Medium","Republic of Moldova",498,NA,NA,"Country/Area",923,2050,"2361.942","2351.809","498"
"460",12505,"Medium","Romania",642,NA,NA,"Country/Area",923,2050,"16086.598","16027.266","642"
"461",12582,"Medium","Russian Federation",643,NA,NA,"Country/Area",923,2050,"136256.184","136132.775","643"
"462",12659,"Medium","Slovakia",703,NA,NA,"Country/Area",923,2050,"4949.954","4936.488","703"
"463",12736,"Medium","Ukraine",804,NA,NA,"Country/Area",923,2050,"32165.338","31990.132","804"
"464",12813,"Medium","Northern Europe",924,NA,NA,"Subregion",908,2050,"115808.526","115849.083","924"
"465",12890,"Medium","Denmark",208,NA,NA,"Country/Area",924,2050,"6126.448","6124.838","208"
"466",12967,"Medium","Estonia",233,NA,NA,"Country/Area",924,2050,"1177.624","1174.267","233"
"467",13044,"Medium","Faroe Islands",234,NA,NA,"Country/Area",924,2050,"62.947","63.035","234"
"468",13121,"Medium","Finland",246,NA,NA,"Country/Area",924,2050,"5358.74","5351.645","246"
"469",13198,"Medium","Guernsey",831,NA,NA,"Country/Area",924,2050,"62.907","62.8","831"
"470",13275,"Medium","Iceland",352,NA,NA,"Country/Area",924,2050,"433.016","432.993","352"
"471",13352,"Medium","Ireland",372,NA,NA,"Country/Area",924,2050,"5967.553","5970.042","372"
"472",13429,"Medium","Isle of Man",833,NA,NA,"Country/Area",924,2050,"78.192","77.971","833"
"473",13506,"Medium","Jersey",832,NA,NA,"Country/Area",924,2050,"104.838","104.766","832"
"474",13583,"Medium","Latvia",428,NA,NA,"Country/Area",924,2050,"1520.223","1513.81","428"
"475",13660,"Medium","Lithuania",440,NA,NA,"Country/Area",924,2050,"2270.467","2258.774","440"
"476",13737,"Medium","Norway",578,NA,NA,"Country/Area",924,2050,"5899.639","5899.829","578"
"477",13814,"Medium","Sweden",752,NA,NA,"Country/Area",924,2050,"11300.115","11309.63","752"
"478",13891,"Medium","United Kingdom",826,NA,NA,"Country/Area",924,2050,"75445.817","75504.681","826"
"479",13968,"Medium","Southern Europe",925,NA,NA,"Subregion",908,2050,"135659.252","135237.636","925"
"480",14045,"Medium","Albania",8,NA,NA,"Country/Area",925,2050,"2251.369","2240.166","008"
"481",14122,"Medium","Andorra",20,NA,NA,"Country/Area",925,2050,"82.414","82.195","020"
"482",14199,"Medium","Bosnia and Herzegovina",70,NA,NA,"Country/Area",925,2050,"2469.311","2455.167","070"
"483",14276,"Medium","Croatia",191,NA,NA,"Country/Area",925,2050,"3247.185","3234.16","191"
"484",14353,"Medium","Gibraltar",292,NA,NA,"Country/Area",925,2050,"49.737","49.798","292"
"485",14430,"Medium","Greece",300,NA,NA,"Country/Area",925,2050,"8838.461","8812.069","300"
"486",14507,"Medium","Holy See",336,NA,NA,"Country/Area",925,2050,"0.707","0.714","336"
"487",14584,"Medium","Italy",380,NA,NA,"Country/Area",925,2050,"52085.96","51891.099","380"
"488",14661,"Medium","Kosovo (under UNSC res. 1244)",412,NA,NA,"Country/Area",925,2050,"1646.613","1643.619","412"
"489",14738,"Medium","Malta",470,NA,NA,"Country/Area",925,2050,"536.717","535.721","470"
"490",14815,"Medium","Montenegro",499,NA,NA,"Country/Area",925,2050,"535.419","533.295","499"
"491",14892,"Medium","North Macedonia",807,NA,NA,"Country/Area",925,2050,"1519.251","1512.688","807"
"492",14969,"Medium","Portugal",620,NA,NA,"Country/Area",925,2050,"9788.033","9770.271","620"
"493",15046,"Medium","San Marino",674,NA,NA,"Country/Area",925,2050,"33.712","33.696","674"
"494",15123,"Medium","Serbia",688,NA,NA,"Country/Area",925,2050,"5554.308","5532.87","688"
"495",15200,"Medium","Slovenia",705,NA,NA,"Country/Area",925,2050,"1985.456","1981.553","705"
"496",15277,"Medium","Spain",724,NA,NA,"Country/Area",925,2050,"45034.599","44928.558","724"
"497",15354,"Medium","Western Europe",926,NA,NA,"Subregion",908,2050,"196439.362","196281.82","926"
"498",15431,"Medium","Austria",40,NA,NA,"Country/Area",926,2050,"8738.136","8724.332","040"
"499",15508,"Medium","Belgium",56,NA,NA,"Country/Area",926,2050,"11876.181","11870.906","056"
"500",15585,"Medium","France",250,NA,NA,"Country/Area",926,2050,"68226.879","68219.675","250"
"501",15662,"Medium","Germany",276,NA,NA,"Country/Area",926,2050,"78417.032","78294.613","276"
"502",15739,"Medium","Liechtenstein",438,NA,NA,"Country/Area",926,2050,"43.006","43.013","438"
"503",15816,"Medium","Luxembourg",442,NA,NA,"Country/Area",926,2050,"790.578","791.464","442"
"504",15893,"Medium","Monaco",492,NA,NA,"Country/Area",926,2050,"36.716","36.757","492"
"505",15970,"Medium","Netherlands",528,NA,NA,"Country/Area",926,2050,"18969.162","18958.475","528"
"506",16047,"Medium","Switzerland",756,NA,NA,"Country/Area",926,2050,"9341.672","9342.586","756"
"507",16125,"Medium","Latin America and the Caribbean",904,NA,NA,"Region",1840,2050,"729815.97","730056.747","904"
"508",16202,"Medium","Caribbean",915,NA,NA,"Subregion",904,2050,"46020.35","45997.117","915"
"509",16279,"Medium","Anguilla",660,NA,NA,"Country/Area",915,2050,"14.592","14.552","660"
"510",16356,"Medium","Antigua and Barbuda",28,NA,NA,"Country/Area",915,2050,"95.225","95.055","028"
"511",16433,"Medium","Aruba",533,NA,NA,"Country/Area",915,2050,"100.284","100.002","533"
"512",16510,"Medium","Bahamas",44,NA,NA,"Country/Area",915,2050,"424.277","424.265","044"
"513",16587,"Medium","Barbados",52,NA,NA,"Country/Area",915,2050,"264.882","264.216","052"
"514",16664,"Medium","Bonaire, Sint Eustatius and Saba",535,NA,NA,"Country/Area",915,2050,"34.765","34.742","535"
"515",16741,"Medium","British Virgin Islands",92,NA,NA,"Country/Area",915,2050,"40.433","40.34","092"
"516",16818,"Medium","Cayman Islands",136,NA,NA,"Country/Area",915,2050,"103.508","103.959","136"
"517",16895,"Medium","Cuba",192,NA,NA,"Country/Area",915,2050,"9423.308","9381.999","192"
"518",16972,"Medium","Curaçao",531,NA,NA,"Country/Area",915,2050,"173.895","173.498","531"
"519",17049,"Medium","Dominica",212,NA,NA,"Country/Area",915,2050,"63.254","63.192","212"
"520",17126,"Medium","Dominican Republic",214,NA,NA,"Country/Area",915,2050,"12980.973","12996.293","214"
"521",17203,"Medium","Grenada",308,NA,NA,"Country/Area",915,2050,"113.454","113.243","308"
"522",17280,"Medium","Guadeloupe",312,NA,NA,"Country/Area",915,2050,"327.594","326.318","312"
"523",17357,"Medium","Haiti",332,NA,NA,"Country/Area",915,2050,"14668.218","14710.862","332"
"524",17434,"Medium","Jamaica",388,NA,NA,"Country/Area",915,2050,"2467.334","2454.94","388"
"525",17511,"Medium","Martinique",474,NA,NA,"Country/Area",915,2050,"283.402","282.07","474"
"526",17588,"Medium","Montserrat",500,NA,NA,"Country/Area",915,2050,"3.705","3.692","500"
"527",17665,"Medium","Puerto Rico",630,NA,NA,"Country/Area",915,2050,"2522.118","2503.994","630"
"528",17742,"Medium","Saint Barthélemy",652,NA,NA,"Country/Area",915,2050,"12.798","12.789","652"
"529",17819,"Medium","Saint Kitts and Nevis",659,NA,NA,"Country/Area",915,2050,"44.373","44.249","659"
"530",17896,"Medium","Saint Lucia",662,NA,NA,"Country/Area",915,2050,"172.546","172.081","662"
"531",17973,"Medium","Saint Martin (French part)",663,NA,NA,"Country/Area",915,2050,"18.798","18.795","663"
"532",18050,"Medium","Saint Vincent and the Grenadines",670,NA,NA,"Country/Area",915,2050,"89.161","88.942","670"
"533",18127,"Medium","Sint Maarten (Dutch part)",534,NA,NA,"Country/Area",915,2050,"51.005","51.017","534"
"534",18204,"Medium","Trinidad and Tobago",780,NA,NA,"Country/Area",915,2050,"1404.04","1399.8","780"
"535",18281,"Medium","Turks and Caicos Islands",796,NA,NA,"Country/Area",915,2050,"51.001","50.988","796"
"536",18358,"Medium","United States Virgin Islands",850,NA,NA,"Country/Area",915,2050,"71.407","71.225","850"
"537",18435,"Medium","Central America",916,NA,NA,"Subregion",904,2050,"215076.444","215385.141","916"
"538",18512,"Medium","Belize",84,NA,NA,"Country/Area",916,2050,"515.685","516.627","084"
"539",18589,"Medium","Costa Rica",188,NA,NA,"Country/Area",916,2050,"5358.806","5354.15","188"
"540",18666,"Medium","El Salvador",222,NA,NA,"Country/Area",916,2050,"6664.999","6663.346","222"
"541",18743,"Medium","Guatemala",320,NA,NA,"Country/Area",916,2050,"24582.441","24670.857","320"
"542",18820,"Medium","Honduras",340,NA,NA,"Country/Area",916,2050,"14785.303","14846.779","340"
"543",18897,"Medium","Mexico",484,NA,NA,"Country/Area",916,2050,"148819.664","148946.274","484"
"544",18974,"Medium","Nicaragua",558,NA,NA,"Country/Area",916,2050,"8733.084","8756.43","558"
"545",19051,"Medium","Panama",591,NA,NA,"Country/Area",916,2050,"5616.462","5630.68","591"
"546",19128,"Medium","South America",931,NA,NA,"Subregion",904,2050,"468719.176","468674.488","931"
"547",19205,"Medium","Argentina",32,NA,NA,"Country/Area",931,2050,"48311.619","48308.944","032"
"548",19282,"Medium","Bolivia (Plurinational State of)",68,NA,NA,"Country/Area",931,2050,"16057.289","16110.162","068"
"549",19359,"Medium","Brazil",76,NA,NA,"Country/Area",931,2050,"217703.593","217489.299","076"
"550",19436,"Medium","Chile",152,NA,NA,"Country/Area",931,2050,"20344.193","20320.306","152"
"551",19513,"Medium","Colombia",170,NA,NA,"Country/Area",931,2050,"59383.512","59385.357","170"
"552",19590,"Medium","Ecuador",218,NA,NA,"Country/Area",931,2050,"21305.27","21337.237","218"
"553",19667,"Medium","Falkland Islands (Malvinas)",238,NA,NA,"Country/Area",931,2050,"3.185","3.176","238"
"554",19744,"Medium","French Guiana",254,NA,NA,"Country/Area",931,2050,"468.639","471.916","254"
"555",19821,"Medium","Guyana",328,NA,NA,"Country/Area",931,2050,"939.377","940.607","328"
"556",19898,"Medium","Paraguay",600,NA,NA,"Country/Area",931,2050,"8616.483","8640.464","600"
"557",19975,"Medium","Peru",604,NA,NA,"Country/Area",931,2050,"40515.509","40583.876","604"
"558",20052,"Medium","Suriname",740,NA,NA,"Country/Area",931,2050,"732.936","733.904","740"
"559",20129,"Medium","Uruguay",858,NA,NA,"Country/Area",931,2050,"3259.966","3254.354","858"
"560",20206,"Medium","Venezuela (Bolivarian Republic of)",862,NA,NA,"Country/Area",931,2050,"31077.605","31094.883","862"
"561",20283,"Medium","Northern America",905,NA,NA,"Region",1840,2050,"426070.939","426579.885","905"
"562",20360,"Medium","Bermuda",60,NA,NA,"Country/Area",905,2050,"57.184","56.937","060"
"563",20437,"Medium","Canada",124,NA,NA,"Country/Area",905,2050,"45546.625","45621.882","124"
"564",20514,"Medium","Greenland",304,NA,NA,"Country/Area",905,2050,"50.026","49.898","304"
"565",20591,"Medium","Saint Pierre and Miquelon",666,NA,NA,"Country/Area",905,2050,"4.288","4.258","666"
"566",20668,"Medium","United States of America",840,NA,NA,"Country/Area",905,2050,"380412.816","380846.91","840"
"567",20745,"Medium","Oceania",909,NA,NA,"Region",1840,2050,"57492.006","57688.178","909"
"568",20822,"Medium","Australia/New Zealand",927,NA,NA,"Subregion",909,2050,"38151.734","38262.257","927"
"569",20899,"Medium","Australia",36,NA,NA,"Country/Area",927,2050,"32401.987","32506.969","036"
"570",20976,"Medium","New Zealand",554,NA,NA,"Country/Area",927,2050,"5749.747","5755.288","554"
"571",21053,"Medium","Melanesia",928,NA,NA,"Subregion",909,2050,"18007.425","18090.929","928"
"572",21130,"Medium","Fiji",242,NA,NA,"Country/Area",928,2050,"999.936","1000.261","242"
"573",21207,"Medium","New Caledonia",540,NA,NA,"Country/Area",928,2050,"340.136","340.58","540"
"574",21284,"Medium","Papua New Guinea",598,NA,NA,"Country/Area",928,2050,"14836.287","14906.59","598"
"575",21361,"Medium","Solomon Islands",90,NA,NA,"Country/Area",928,2050,"1300.802","1309.11","090"
"576",21438,"Medium","Vanuatu",548,NA,NA,"Country/Area",928,2050,"530.264","534.388","548"
"577",21515,"Medium","Micronesia",954,NA,NA,"Subregion",909,2050,"598.347","599.723","954"
"578",21592,"Medium","Guam",316,NA,NA,"Country/Area",954,2050,"191.099","191.458","316"
"579",21669,"Medium","Kiribati",296,NA,NA,"Country/Area",954,2050,"181.78","182.621","296"
"580",21746,"Medium","Marshall Islands",584,NA,NA,"Country/Area",954,2050,"25.244","25.195","584"
"581",21823,"Medium","Micronesia (Fed. States of)",583,NA,NA,"Country/Area",954,2050,"126.179","126.408","583"
"582",21900,"Medium","Nauru",520,NA,NA,"Country/Area",954,2050,"15.683","15.758","520"
"583",21977,"Medium","Northern Mariana Islands",580,NA,NA,"Country/Area",954,2050,"42.789","42.764","580"
"584",22054,"Medium","Palau",585,NA,NA,"Country/Area",954,2050,"15.573","15.518","585"
"585",22131,"Medium","Polynesia",957,NA,NA,"Subregion",909,2050,"734.5","735.268","957"
"586",22208,"Medium","American Samoa",16,NA,NA,"Country/Area",957,2050,"37.623","37.545","016"
"587",22285,"Medium","Cook Islands",184,NA,NA,"Country/Area",957,2050,"9.367","9.337","184"
"588",22362,"Medium","French Polynesia",258,NA,NA,"Country/Area",957,2050,"285.207","284.75","258"
"589",22439,"Medium","Niue",570,NA,NA,"Country/Area",957,2050,"1.962","1.966","570"
"590",22516,"Medium","Samoa",882,NA,NA,"Country/Area",957,2050,"271.529","272.726","882"
"591",22593,"Medium","Tokelau",772,NA,NA,"Country/Area",957,2050,"3.81","3.821","772"
"592",22670,"Medium","Tonga",776,NA,NA,"Country/Area",957,2050,"105.077","105.195","776"
"593",22747,"Medium","Tuvalu",798,NA,NA,"Country/Area",957,2050,"9.748","9.781","798"
"594",22824,"Medium","Wallis and Futuna Islands",876,NA,NA,"Country/Area",957,2050,"10.177","10.148","876"
