,IND_CODE,IND_UUID,IndicatorName,DIM_MEMBER_1_CODE,DIM_MEMBER_2_CODE,include,website_name,description,group
1,MDG_0000000003,27D371A,Adolescent birth rate (per 1000 women),FEMALE,Y15T19,,,,
2,MDG_0000000003,27D371A,Adolescent birth rate (per 1000 women),FEMALE,Y10T14,,,,
3,MORTADO,E3CAF2B,Adolescent mortality rate (per 1 000 age specific cohort),FEMALE,Y10T19,,,,
4,MORTADO,E3CAF2B,Adolescent mortality rate (per 1 000 age specific cohort),TOTAL,Y15T19,,,,
5,MORTADO,E3CAF2B,Adolescent mortality rate (per 1 000 age specific cohort),TOTAL,Y10T14,,,,
6,MORTADO,E3CAF2B,Adolescent mortality rate (per 1 000 age specific cohort),FEMALE,Y10T14,,,,
7,MORTADO,E3CAF2B,Adolescent mortality rate (per 1 000 age specific cohort),FEMALE,Y15T19,,,,
8,MORTADO,E3CAF2B,Adolescent mortality rate (per 1 000 age specific cohort),TOTAL,Y10T19,,,,
9,MORTADO,E3CAF2B,Adolescent mortality rate (per 1 000 age specific cohort),MALE,Y10T14,,,,
10,MORTADO,E3CAF2B,Adolescent mortality rate (per 1 000 age specific cohort),MALE,Y10T19,,,,
11,MORTADO,E3CAF2B,Adolescent mortality rate (per 1 000 age specific cohort),MALE,Y15T19,,,,
12,SA_0000001688,EE6F72A,"Alcohol, total per capita (15+) consumption (in litres of pure alcohol) (SDG Indicator 3.5.2), three-year average",MALE,NA,,,,
13,SA_0000001688,EE6F72A,"Alcohol, total per capita (15+) consumption (in litres of pure alcohol) (SDG Indicator 3.5.2), three-year average",TOTAL,NA,1,Total alcohol per capita (>= 15 years of age) consumption (litres of pure alcohol),"Amount of alcohol consumed per adult (15+ years) over a calendar year, in litres of pure alcohol",risk factors
14,SA_0000001688,EE6F72A,"Alcohol, total per capita (15+) consumption (in litres of pure alcohol) (SDG Indicator 3.5.2), three-year average",FEMALE,NA,,,,
15,AIR_7,DD5F90F,Ambient air pollution attributable DALYs,FEMALE,GHE000680,,,,
16,AIR_7,DD5F90F,Ambient air pollution attributable DALYs,FEMALE,GHE001130,,,,
17,AIR_7,DD5F90F,Ambient air pollution attributable DALYs,TOTAL,GHE000390,,,,
18,AIR_7,DD5F90F,Ambient air pollution attributable DALYs,FEMALE,GHE000000,,,,
19,AIR_7,DD5F90F,Ambient air pollution attributable DALYs,MALE,GHE000000,,,,
20,AIR_7,DD5F90F,Ambient air pollution attributable DALYs,MALE,GHE001130,,,,
21,AIR_7,DD5F90F,Ambient air pollution attributable DALYs,MALE,GHE001180,,,,
22,AIR_7,DD5F90F,Ambient air pollution attributable DALYs,TOTAL,GHE001130,,,,
23,AIR_7,DD5F90F,Ambient air pollution attributable DALYs,FEMALE,GHE000390,,,,
24,AIR_7,DD5F90F,Ambient air pollution attributable DALYs,MALE,GHE000390,,,,
25,AIR_7,DD5F90F,Ambient air pollution attributable DALYs,MALE,GHE000680,,,,
26,AIR_7,DD5F90F,Ambient air pollution attributable DALYs,TOTAL,GHE000680,,,,
27,AIR_7,DD5F90F,Ambient air pollution attributable DALYs,TOTAL,GHE001180,,,,
28,AIR_7,DD5F90F,Ambient air pollution attributable DALYs,FEMALE,GHE001140,,,,
29,AIR_7,DD5F90F,Ambient air pollution attributable DALYs,FEMALE,GHE001180,,,,
30,AIR_7,DD5F90F,Ambient air pollution attributable DALYs,MALE,GHE001140,,,,
31,AIR_7,DD5F90F,Ambient air pollution attributable DALYs,TOTAL,GHE000000,,,,
32,AIR_7,DD5F90F,Ambient air pollution attributable DALYs,TOTAL,GHE001140,,,,
33,AIR_90,DD5F90F,"Ambient air pollution attributable DALYs  (per 100 000 population, age-standardized)",FEMALE,GHE001140,,,,
34,AIR_90,DD5F90F,"Ambient air pollution attributable DALYs  (per 100 000 population, age-standardized)",MALE,GHE000000,,,,
35,AIR_90,DD5F90F,"Ambient air pollution attributable DALYs  (per 100 000 population, age-standardized)",TOTAL,GHE000390,,,,
36,AIR_90,DD5F90F,"Ambient air pollution attributable DALYs  (per 100 000 population, age-standardized)",TOTAL,GHE001140,,,,
37,AIR_90,DD5F90F,"Ambient air pollution attributable DALYs  (per 100 000 population, age-standardized)",MALE,GHE000680,,,,
38,AIR_90,DD5F90F,"Ambient air pollution attributable DALYs  (per 100 000 population, age-standardized)",TOTAL,GHE000000,,,,
39,AIR_90,DD5F90F,"Ambient air pollution attributable DALYs  (per 100 000 population, age-standardized)",FEMALE,GHE000000,,,,
40,AIR_90,DD5F90F,"Ambient air pollution attributable DALYs  (per 100 000 population, age-standardized)",FEMALE,GHE000680,,,,
41,AIR_90,DD5F90F,"Ambient air pollution attributable DALYs  (per 100 000 population, age-standardized)",FEMALE,GHE001180,,,,
42,AIR_90,DD5F90F,"Ambient air pollution attributable DALYs  (per 100 000 population, age-standardized)",MALE,GHE000390,,,,
43,AIR_90,DD5F90F,"Ambient air pollution attributable DALYs  (per 100 000 population, age-standardized)",MALE,GHE001130,,,,
44,AIR_90,DD5F90F,"Ambient air pollution attributable DALYs  (per 100 000 population, age-standardized)",MALE,GHE001180,,,,
45,AIR_90,DD5F90F,"Ambient air pollution attributable DALYs  (per 100 000 population, age-standardized)",TOTAL,GHE000680,,,,
46,AIR_90,DD5F90F,"Ambient air pollution attributable DALYs  (per 100 000 population, age-standardized)",TOTAL,GHE001130,,,,
47,AIR_90,DD5F90F,"Ambient air pollution attributable DALYs  (per 100 000 population, age-standardized)",FEMALE,GHE000390,,,,
48,AIR_90,DD5F90F,"Ambient air pollution attributable DALYs  (per 100 000 population, age-standardized)",FEMALE,GHE001130,,,,
49,AIR_90,DD5F90F,"Ambient air pollution attributable DALYs  (per 100 000 population, age-standardized)",MALE,GHE001140,,,,
50,AIR_90,DD5F90F,"Ambient air pollution attributable DALYs  (per 100 000 population, age-standardized)",TOTAL,GHE001180,,,,
51,AIR_42,DD5F90F,"Ambient air pollution attributable death rate (per 100 000 population, age-standardized)",FEMALE,GHE000000,,,,
52,AIR_42,DD5F90F,"Ambient air pollution attributable death rate (per 100 000 population, age-standardized)",FEMALE,GHE000680,,,,
53,AIR_42,DD5F90F,"Ambient air pollution attributable death rate (per 100 000 population, age-standardized)",MALE,GHE001130,,,,
54,AIR_42,DD5F90F,"Ambient air pollution attributable death rate (per 100 000 population, age-standardized)",TOTAL,GHE001180,,,,
55,AIR_42,DD5F90F,"Ambient air pollution attributable death rate (per 100 000 population, age-standardized)",FEMALE,GHE000390,,,,
56,AIR_42,DD5F90F,"Ambient air pollution attributable death rate (per 100 000 population, age-standardized)",FEMALE,GHE001140,,,,
57,AIR_42,DD5F90F,"Ambient air pollution attributable death rate (per 100 000 population, age-standardized)",FEMALE,GHE001180,,,,
58,AIR_42,DD5F90F,"Ambient air pollution attributable death rate (per 100 000 population, age-standardized)",MALE,GHE000000,,,,
59,AIR_42,DD5F90F,"Ambient air pollution attributable death rate (per 100 000 population, age-standardized)",MALE,GHE001180,,,,
60,AIR_42,DD5F90F,"Ambient air pollution attributable death rate (per 100 000 population, age-standardized)",TOTAL,GHE001140,,,,
61,AIR_42,DD5F90F,"Ambient air pollution attributable death rate (per 100 000 population, age-standardized)",FEMALE,GHE001130,,,,
62,AIR_42,DD5F90F,"Ambient air pollution attributable death rate (per 100 000 population, age-standardized)",MALE,GHE000680,,,,
63,AIR_42,DD5F90F,"Ambient air pollution attributable death rate (per 100 000 population, age-standardized)",TOTAL,GHE000680,,,,
64,AIR_42,DD5F90F,"Ambient air pollution attributable death rate (per 100 000 population, age-standardized)",TOTAL,GHE001130,,,,
65,AIR_42,DD5F90F,"Ambient air pollution attributable death rate (per 100 000 population, age-standardized)",MALE,GHE000390,,,,
66,AIR_42,DD5F90F,"Ambient air pollution attributable death rate (per 100 000 population, age-standardized)",MALE,GHE001140,,,,
67,AIR_42,DD5F90F,"Ambient air pollution attributable death rate (per 100 000 population, age-standardized)",TOTAL,GHE000390,,,,
68,AIR_42,DD5F90F,"Ambient air pollution attributable death rate (per 100 000 population, age-standardized)",TOTAL,GHE000000,,,,
69,AIR_41,DD5F90F,Ambient air pollution attributable deaths,FEMALE,GHE000680,,,,
70,AIR_41,DD5F90F,Ambient air pollution attributable deaths,FEMALE,GHE001130,,,,
71,AIR_41,DD5F90F,Ambient air pollution attributable deaths,FEMALE,GHE001140,,,,
72,AIR_41,DD5F90F,Ambient air pollution attributable deaths,TOTAL,GHE000000,,,,
73,AIR_41,DD5F90F,Ambient air pollution attributable deaths,TOTAL,GHE001140,,,,
74,AIR_41,DD5F90F,Ambient air pollution attributable deaths,FEMALE,GHE000000,,,,
75,AIR_41,DD5F90F,Ambient air pollution attributable deaths,FEMALE,GHE001180,,,,
76,AIR_41,DD5F90F,Ambient air pollution attributable deaths,MALE,GHE001140,,,,
77,AIR_41,DD5F90F,Ambient air pollution attributable deaths,MALE,GHE001180,,,,
78,AIR_41,DD5F90F,Ambient air pollution attributable deaths,TOTAL,GHE000390,,,,
79,AIR_41,DD5F90F,Ambient air pollution attributable deaths,TOTAL,GHE000680,,,,
80,AIR_41,DD5F90F,Ambient air pollution attributable deaths,TOTAL,GHE001180,,,,
81,AIR_41,DD5F90F,Ambient air pollution attributable deaths,FEMALE,GHE000390,,,,
82,AIR_41,DD5F90F,Ambient air pollution attributable deaths,MALE,GHE000680,,,,
83,AIR_41,DD5F90F,Ambient air pollution attributable deaths,MALE,GHE001130,,,,
84,AIR_41,DD5F90F,Ambient air pollution attributable deaths,TOTAL,GHE001130,,,,
85,AIR_41,DD5F90F,Ambient air pollution attributable deaths,MALE,GHE000000,,,,
86,AIR_41,DD5F90F,Ambient air pollution attributable deaths,MALE,GHE000390,,,,
87,SDGAIRBODA,E2FC6D7,"Ambient and household air pollution attributable death rate (per 100 000 population, age-standardized)",FEMALE,GHE000680,,,,
88,SDGAIRBODA,E2FC6D7,"Ambient and household air pollution attributable death rate (per 100 000 population, age-standardized)",FEMALE,GHE001180,,,,
89,SDGAIRBODA,E2FC6D7,"Ambient and household air pollution attributable death rate (per 100 000 population, age-standardized)",MALE,GHE001180,,,,
90,SDGAIRBODA,E2FC6D7,"Ambient and household air pollution attributable death rate (per 100 000 population, age-standardized)",TOTAL,GHE000000,1,Age-standardized mortality rate attributed to household and ambient air pollution (per 100 000 population),Number of deaths attributable to ambient and household air pollution per 100 000 population,health status
91,SDGAIRBODA,E2FC6D7,"Ambient and household air pollution attributable death rate (per 100 000 population, age-standardized)",TOTAL,GHE001140,,,,
92,SDGAIRBODA,E2FC6D7,"Ambient and household air pollution attributable death rate (per 100 000 population, age-standardized)",FEMALE,GHE000000,,,,
93,SDGAIRBODA,E2FC6D7,"Ambient and household air pollution attributable death rate (per 100 000 population, age-standardized)",MALE,GHE001140,,,,
94,SDGAIRBODA,E2FC6D7,"Ambient and household air pollution attributable death rate (per 100 000 population, age-standardized)",TOTAL,GHE000680,,,,
95,SDGAIRBODA,E2FC6D7,"Ambient and household air pollution attributable death rate (per 100 000 population, age-standardized)",FEMALE,GHE001130,,,,
96,SDGAIRBODA,E2FC6D7,"Ambient and household air pollution attributable death rate (per 100 000 population, age-standardized)",FEMALE,GHE001140,,,,
97,SDGAIRBODA,E2FC6D7,"Ambient and household air pollution attributable death rate (per 100 000 population, age-standardized)",MALE,GHE000680,,,,
98,SDGAIRBODA,E2FC6D7,"Ambient and household air pollution attributable death rate (per 100 000 population, age-standardized)",MALE,GHE001130,,,,
99,SDGAIRBODA,E2FC6D7,"Ambient and household air pollution attributable death rate (per 100 000 population, age-standardized)",FEMALE,GHE000390,,,,
100,SDGAIRBODA,E2FC6D7,"Ambient and household air pollution attributable death rate (per 100 000 population, age-standardized)",MALE,GHE000000,,,,
101,SDGAIRBODA,E2FC6D7,"Ambient and household air pollution attributable death rate (per 100 000 population, age-standardized)",MALE,GHE000390,,,,
102,SDGAIRBODA,E2FC6D7,"Ambient and household air pollution attributable death rate (per 100 000 population, age-standardized)",TOTAL,GHE000390,,,,
103,SDGAIRBODA,E2FC6D7,"Ambient and household air pollution attributable death rate (per 100 000 population, age-standardized)",TOTAL,GHE001130,,,,
104,SDGAIRBODA,E2FC6D7,"Ambient and household air pollution attributable death rate (per 100 000 population, age-standardized)",TOTAL,GHE001180,,,,
105,SDGODAWS,4AF995F,Amount of water- and sanitation-related official development assistance that is part of a government-coordinated spending plan (constant 2022 US$ millions),NA,NA,,,,
106,ASSISTIVETECH_Q07,A77C32D,Availability of education/training for assistive technology,ASSISTIVETECH_Q07_01,NA,,,,
107,ASSISTIVETECH_Q07,A77C32D,Availability of education/training for assistive technology,ASSISTIVETECH_Q07_05,NA,,,,
108,ASSISTIVETECH_Q07,A77C32D,Availability of education/training for assistive technology,ASSISTIVETECH_SUMMARY,NA,,,,
109,ASSISTIVETECH_Q07,A77C32D,Availability of education/training for assistive technology,ASSISTIVETECH_Q07_03,NA,,,,
110,ASSISTIVETECH_Q07,A77C32D,Availability of education/training for assistive technology,ASSISTIVETECH_Q07_06,NA,,,,
111,ASSISTIVETECH_Q07,A77C32D,Availability of education/training for assistive technology,ASSISTIVETECH_Q07_02,NA,,,,
112,ASSISTIVETECH_Q07,A77C32D,Availability of education/training for assistive technology,ASSISTIVETECH_Q07_04,NA,,,,
113,ASSISTIVETECH_Q05,A77C32D,Availability of government/registered services for assistive technology,ASSISTIVETECH_Q05_01,NA,,,,
114,ASSISTIVETECH_Q05,A77C32D,Availability of government/registered services for assistive technology,ASSISTIVETECH_Q05_03,NA,,,,
115,ASSISTIVETECH_Q05,A77C32D,Availability of government/registered services for assistive technology,ASSISTIVETECH_Q05_04,NA,,,,
116,ASSISTIVETECH_Q05,A77C32D,Availability of government/registered services for assistive technology,ASSISTIVETECH_Q05_06,NA,,,,
117,ASSISTIVETECH_Q05,A77C32D,Availability of government/registered services for assistive technology,ASSISTIVETECH_SUMMARY,NA,,,,
118,ASSISTIVETECH_Q05,A77C32D,Availability of government/registered services for assistive technology,ASSISTIVETECH_Q05_02,NA,,,,
119,ASSISTIVETECH_Q05,A77C32D,Availability of government/registered services for assistive technology,ASSISTIVETECH_Q05_05,NA,,,,
120,ASSISTIVETECH_Q03,A77C32D,Availability of public funding for assistive technology,ASSISTIVETECH_Q03_01,NA,,,,
121,ASSISTIVETECH_Q03,A77C32D,Availability of public funding for assistive technology,ASSISTIVETECH_Q03_02,NA,,,,
122,ASSISTIVETECH_Q03,A77C32D,Availability of public funding for assistive technology,ASSISTIVETECH_Q03_03,NA,,,,
123,ASSISTIVETECH_Q03,A77C32D,Availability of public funding for assistive technology,ASSISTIVETECH_Q03_07,NA,,,,
124,ASSISTIVETECH_Q03,A77C32D,Availability of public funding for assistive technology,ASSISTIVETECH_Q03_04,NA,,,,
125,ASSISTIVETECH_Q03,A77C32D,Availability of public funding for assistive technology,ASSISTIVETECH_Q03_05,NA,,,,
126,ASSISTIVETECH_Q03,A77C32D,Availability of public funding for assistive technology,ASSISTIVETECH_Q03_06,NA,,,,
127,ASSISTIVETECH_Q03,A77C32D,Availability of public funding for assistive technology,ASSISTIVETECH_SUMMARY,NA,,,,
128,SDGIHR2021,FDBB8E8,"Average of 15 International Health Regulations core capacity scores, SPAR version, 2nd edition",NA,NA,,,,
129,MDG_0000000025,1772666,Births attended by skilled health personnel (%),NA,NA,1,Proportion of births attended by skilled health personnel (%),Percentage of births attended by skilled health personnel,service coverage
130,SDGPM25,F810947,Concentrations of fine particulate matter (PM2.5),TOWN,NA,,,,
131,SDGPM25,F810947,Concentrations of fine particulate matter (PM2.5),RURAL,NA,,,,
132,SDGPM25,F810947,Concentrations of fine particulate matter (PM2.5),URBAN,NA,,,,
133,SDGPM25,F810947,Concentrations of fine particulate matter (PM2.5),CITY,NA,,,,
134,SDGPM25,F810947,Concentrations of fine particulate matter (PM2.5),TOTAL,NA,1,Annual mean concentrations of fine particulate matter (PM2.5) in urban areas (µg/m3),Annual mean PM2.5 concentration in urban areas,risk factors
135,ASSISTIVETECH_Q02,A77C32D,Coverage of people in need of assistive technology by legislation,ASSISTIVETECH_Q02_03,NA,,,,
136,ASSISTIVETECH_Q02,A77C32D,Coverage of people in need of assistive technology by legislation,ASSISTIVETECH_Q02_04,NA,,,,
137,ASSISTIVETECH_Q02,A77C32D,Coverage of people in need of assistive technology by legislation,ASSISTIVETECH_Q02_01,NA,,,,
138,ASSISTIVETECH_Q02,A77C32D,Coverage of people in need of assistive technology by legislation,ASSISTIVETECH_Q02_02,NA,,,,
139,ASSISTIVETECH_Q02,A77C32D,Coverage of people in need of assistive technology by legislation,ASSISTIVETECH_Q02_05,NA,,,,
140,ASSISTIVETECH_Q02,A77C32D,Coverage of people in need of assistive technology by legislation,ASSISTIVETECH_SUMMARY,NA,,,,
141,ASSISTIVETECH_Q02,A77C32D,Coverage of people in need of assistive technology by legislation,ASSISTIVETECH_Q02_06,NA,,,,
142,SDGSUICIDE,16BBF41,Crude suicide rates (per 100 000 population),FEMALE,TOTAL,,,,
143,SDGSUICIDE,16BBF41,Crude suicide rates (per 100 000 population),MALE,TOTAL,,,,
144,SDGSUICIDE,16BBF41,Crude suicide rates (per 100 000 population),TOTAL,TOTAL,1,Suicide mortality rate (per 100 000 population),Number of suicide deaths in a given year,health status
145,SDGSUICIDE,16BBF41,Crude suicide rates (per 100 000 population),FEMALE,Y30T49,,,,
146,SDGSUICIDE,16BBF41,Crude suicide rates (per 100 000 population),MALE,Y15T24,,,,
147,SDGSUICIDE,16BBF41,Crude suicide rates (per 100 000 population),MALE,Y15T29,,,,
148,SDGSUICIDE,16BBF41,Crude suicide rates (per 100 000 population),TOTAL,Y30T49,,,,
149,SDGSUICIDE,16BBF41,Crude suicide rates (per 100 000 population),TOTAL,Y35T44,,,,
150,SDGSUICIDE,16BBF41,Crude suicide rates (per 100 000 population),FEMALE,Y15T29,,,,
151,SDGSUICIDE,16BBF41,Crude suicide rates (per 100 000 population),FEMALE,Y45T54,,,,
152,SDGSUICIDE,16BBF41,Crude suicide rates (per 100 000 population),FEMALE,Y65T74,,,,
153,SDGSUICIDE,16BBF41,Crude suicide rates (per 100 000 population),MALE,Y25T34,,,,
154,SDGSUICIDE,16BBF41,Crude suicide rates (per 100 000 population),MALE,Y30T49,,,,
155,SDGSUICIDE,16BBF41,Crude suicide rates (per 100 000 population),MALE,Y55T64,,,,
156,SDGSUICIDE,16BBF41,Crude suicide rates (per 100 000 population),MALE,Y_GE85,,,,
157,SDGSUICIDE,16BBF41,Crude suicide rates (per 100 000 population),TOTAL,Y15T29,,,,
158,SDGSUICIDE,16BBF41,Crude suicide rates (per 100 000 population),TOTAL,Y25T34,,,,
159,SDGSUICIDE,16BBF41,Crude suicide rates (per 100 000 population),TOTAL,Y55T64,,,,
160,SDGSUICIDE,16BBF41,Crude suicide rates (per 100 000 population),TOTAL,Y75T84,,,,
161,SDGSUICIDE,16BBF41,Crude suicide rates (per 100 000 population),FEMALE,Y25T34,,,,
162,SDGSUICIDE,16BBF41,Crude suicide rates (per 100 000 population),FEMALE,Y35T44,,,,
163,SDGSUICIDE,16BBF41,Crude suicide rates (per 100 000 population),FEMALE,Y55T64,,,,
164,SDGSUICIDE,16BBF41,Crude suicide rates (per 100 000 population),MALE,Y65T74,,,,
165,SDGSUICIDE,16BBF41,Crude suicide rates (per 100 000 population),TOTAL,Y15T24,,,,
166,SDGSUICIDE,16BBF41,Crude suicide rates (per 100 000 population),FEMALE,Y15T19,,,,
167,SDGSUICIDE,16BBF41,Crude suicide rates (per 100 000 population),FEMALE,Y15T24,,,,
168,SDGSUICIDE,16BBF41,Crude suicide rates (per 100 000 population),FEMALE,Y75T84,,,,
169,SDGSUICIDE,16BBF41,Crude suicide rates (per 100 000 population),FEMALE,Y_GE85,,,,
170,SDGSUICIDE,16BBF41,Crude suicide rates (per 100 000 population),MALE,Y15T19,,,,
171,SDGSUICIDE,16BBF41,Crude suicide rates (per 100 000 population),MALE,Y35T44,,,,
172,SDGSUICIDE,16BBF41,Crude suicide rates (per 100 000 population),MALE,Y45T54,,,,
173,SDGSUICIDE,16BBF41,Crude suicide rates (per 100 000 population),MALE,Y75T84,,,,
174,SDGSUICIDE,16BBF41,Crude suicide rates (per 100 000 population),TOTAL,Y15T19,,,,
175,SDGSUICIDE,16BBF41,Crude suicide rates (per 100 000 population),TOTAL,Y45T54,,,,
176,SDGSUICIDE,16BBF41,Crude suicide rates (per 100 000 population),TOTAL,Y65T74,,,,
177,SDGSUICIDE,16BBF41,Crude suicide rates (per 100 000 population),TOTAL,Y_GE85,,,,
178,HWF_0010,9F88C44,"Dentists (per 10,000)",NA,NA,1,Density of dentistry personnel (per 10 000 population),Number of dentists per 10 000,health systems
179,WHS4_100,F8E084C,Diphtheria tetanus toxoid and pertussis (DTP3) immunization coverage among 1-year-olds (%),NA,NA,1,Diphtheria-tetanus-pertussis (DTP3) immunization coverage among 1 year olds (%),"Percentage of one-year-olds who have received three doses of the combined diphtheria, tetanus toxoid and pertussis vaccine (DTP3) in a given year",service coverage
180,GHED_GGHE-DGGE_SHA2011,B9C6C79,Domestic general government health expenditure (GGHE-D) as percentage of general government expenditure (GGE) (%),NA,NA,1,Domestic general government health expenditure (GGHE-D) as percentage of general government expenditure (GGE) (%),Percentage of general government expenditure spent on health,health systems
181,M_Est_tob_curr_std,75DDA77,Estimate of current tobacco use prevalence (%) (age-standardized rate),FEMALE,NA,,,,
182,M_Est_tob_curr_std,75DDA77,Estimate of current tobacco use prevalence (%) (age-standardized rate),MALE,NA,,,,
183,M_Est_tob_curr_std,75DDA77,Estimate of current tobacco use prevalence (%) (age-standardized rate),TOTAL,NA,1,Age-standardized prevalence of tobacco use among persons 15 years and older (%),WHO estimate of current tobacco use prevalence among persons 15 years and older % (age-standardized) (SDG 3.a.1),risk factors
184,MALARIA_EST_INCIDENCE,442CEA8,Estimated malaria incidence (per 1000 population at risk),NA,NA,1,Malaria incidence (per 1000 population at risk),Number of new malaria cases per 1000 population at risk,health status
185,RS_198,D6176E2,Estimated road traffic death rate (per 100 000 population),NA,NA,1,Road traffic mortality rate (per 100 000 population),Number of road traffic deaths per 100 000 population,health status
186,VIOLENCE_HOMICIDERATE,361734E,Estimates of rates of homicides per 100 000 population,TOTAL,NA,1,Mortality rate due to homicide (per 100 000 population),Number of homicide deaths per 100 000 population,health status
187,VIOLENCE_HOMICIDERATE,361734E,Estimates of rates of homicides per 100 000 population,FEMALE,NA,,,,
188,VIOLENCE_HOMICIDERATE,361734E,Estimates of rates of homicides per 100 000 population,MALE,NA,,,,
189,ASSISTIVETECH_Q08,A77C32D,Existence of financial mechanisms for assistive technology,ASSISTIVETECH_Q08_04,NA,,,,
190,ASSISTIVETECH_Q08,A77C32D,Existence of financial mechanisms for assistive technology,ASSISTIVETECH_Q08_03,NA,,,,
191,ASSISTIVETECH_Q08,A77C32D,Existence of financial mechanisms for assistive technology,ASSISTIVETECH_Q08_01,NA,,,,
192,ASSISTIVETECH_Q08,A77C32D,Existence of financial mechanisms for assistive technology,ASSISTIVETECH_Q08_02,NA,,,,
193,ASSISTIVETECH_Q08,A77C32D,Existence of financial mechanisms for assistive technology,ASSISTIVETECH_Q08_05,NA,,,,
194,ASSISTIVETECH_Q08,A77C32D,Existence of financial mechanisms for assistive technology,ASSISTIVETECH_SUMMARY,NA,,,,
195,ASSISTIVETECH_Q10,A77C32D,Existence of initiatives/collaborations on assistive technology,ASSISTIVETECH_Q10_02,NA,,,,
196,ASSISTIVETECH_Q10,A77C32D,Existence of initiatives/collaborations on assistive technology,ASSISTIVETECH_Q10_08,NA,,,,
197,ASSISTIVETECH_Q10,A77C32D,Existence of initiatives/collaborations on assistive technology,ASSISTIVETECH_SUMMARY,NA,,,,
198,ASSISTIVETECH_Q10,A77C32D,Existence of initiatives/collaborations on assistive technology,ASSISTIVETECH_Q10_05,NA,,,,
199,ASSISTIVETECH_Q10,A77C32D,Existence of initiatives/collaborations on assistive technology,ASSISTIVETECH_Q10_06,NA,,,,
200,ASSISTIVETECH_Q10,A77C32D,Existence of initiatives/collaborations on assistive technology,ASSISTIVETECH_Q10_03,NA,,,,
201,ASSISTIVETECH_Q10,A77C32D,Existence of initiatives/collaborations on assistive technology,ASSISTIVETECH_Q10_04,NA,,,,
202,ASSISTIVETECH_Q10,A77C32D,Existence of initiatives/collaborations on assistive technology,ASSISTIVETECH_Q10_07,NA,,,,
203,ASSISTIVETECH_Q10,A77C32D,Existence of initiatives/collaborations on assistive technology,ASSISTIVETECH_Q10_01,NA,,,,
204,ASSISTIVETECH_Q01,A77C32D,Existence of legislation on access to assistive technology,ASSISTIVETECH_Q01_03,NA,,,,
205,ASSISTIVETECH_Q01,A77C32D,Existence of legislation on access to assistive technology,ASSISTIVETECH_Q01_06,NA,,,,
206,ASSISTIVETECH_Q01,A77C32D,Existence of legislation on access to assistive technology,ASSISTIVETECH_SUMMARY,NA,,,,
207,ASSISTIVETECH_Q01,A77C32D,Existence of legislation on access to assistive technology,ASSISTIVETECH_Q01_01,NA,,,,
208,ASSISTIVETECH_Q01,A77C32D,Existence of legislation on access to assistive technology,ASSISTIVETECH_Q01_07,NA,,,,
209,ASSISTIVETECH_Q01,A77C32D,Existence of legislation on access to assistive technology,ASSISTIVETECH_Q01_02,NA,,,,
210,ASSISTIVETECH_Q01,A77C32D,Existence of legislation on access to assistive technology,ASSISTIVETECH_Q01_04,NA,,,,
211,ASSISTIVETECH_Q01,A77C32D,Existence of legislation on access to assistive technology,ASSISTIVETECH_Q01_05,NA,,,,
212,ASSISTIVETECH_Q09,A77C32D,Existence of regulations/standards/guidelines/protocols on assistive technology,ASSISTIVETECH_Q09_06,NA,,,,
213,ASSISTIVETECH_Q09,A77C32D,Existence of regulations/standards/guidelines/protocols on assistive technology,ASSISTIVETECH_Q09_03,NA,,,,
214,ASSISTIVETECH_Q09,A77C32D,Existence of regulations/standards/guidelines/protocols on assistive technology,ASSISTIVETECH_Q09_04,NA,,,,
215,ASSISTIVETECH_Q09,A77C32D,Existence of regulations/standards/guidelines/protocols on assistive technology,ASSISTIVETECH_Q09_02,NA,,,,
216,ASSISTIVETECH_Q09,A77C32D,Existence of regulations/standards/guidelines/protocols on assistive technology,ASSISTIVETECH_Q09_07,NA,,,,
217,ASSISTIVETECH_Q09,A77C32D,Existence of regulations/standards/guidelines/protocols on assistive technology,ASSISTIVETECH_SUMMARY,NA,,,,
218,ASSISTIVETECH_Q09,A77C32D,Existence of regulations/standards/guidelines/protocols on assistive technology,ASSISTIVETECH_Q09_01,NA,,,,
219,ASSISTIVETECH_Q09,A77C32D,Existence of regulations/standards/guidelines/protocols on assistive technology,ASSISTIVETECH_Q09_05,NA,,,,
220,ASSISTIVETECH_Q04,A77C32D,Existence of responsible ministry/authority on assistive technology,ASSISTIVETECH_Q04_02,NA,,,,
221,ASSISTIVETECH_Q04,A77C32D,Existence of responsible ministry/authority on assistive technology,ASSISTIVETECH_Q04_05,NA,,,,
222,ASSISTIVETECH_Q04,A77C32D,Existence of responsible ministry/authority on assistive technology,ASSISTIVETECH_Q04_03,NA,,,,
223,ASSISTIVETECH_Q04,A77C32D,Existence of responsible ministry/authority on assistive technology,ASSISTIVETECH_Q04_04,NA,,,,
224,ASSISTIVETECH_Q04,A77C32D,Existence of responsible ministry/authority on assistive technology,ASSISTIVETECH_SUMMARY,NA,,,,
225,ASSISTIVETECH_Q04,A77C32D,Existence of responsible ministry/authority on assistive technology,ASSISTIVETECH_Q04_01,NA,,,,
226,ASSISTIVETECH_Q04,A77C32D,Existence of responsible ministry/authority on assistive technology,ASSISTIVETECH_Q04_06,NA,,,,
227,WHOSIS_000002,C64284D,Healthy life expectancy (HALE) at birth (years),FEMALE,NA,,,,
228,WHOSIS_000002,C64284D,Healthy life expectancy (HALE) at birth (years),MALE,NA,,,,
229,WHOSIS_000002,C64284D,Healthy life expectancy (HALE) at birth (years),TOTAL,NA,,,,
230,SDGHEPHBSAGPRV,F513188,Hepatitis B surface antigen (HBsAg) prevalence among children under 5 years (%),NA,NA,1,Hepatitis B surface antigen (HBsAg) prevalence among children under 5 years (%),Prevalence of the Hepatitis b surface antigen in children under five years of age (proportion with chronic infection),health status
231,AIR_15,CCCD833,Household air pollution attributable DALYs,FEMALE,GHE001180,,,,
232,AIR_15,CCCD833,Household air pollution attributable DALYs,MALE,GHE000000,,,,
233,AIR_15,CCCD833,Household air pollution attributable DALYs,MALE,GHE000390,,,,
234,AIR_15,CCCD833,Household air pollution attributable DALYs,TOTAL,GHE000000,,,,
235,AIR_15,CCCD833,Household air pollution attributable DALYs,TOTAL,GHE001140,,,,
236,AIR_15,CCCD833,Household air pollution attributable DALYs,TOTAL,GHE001180,,,,
237,AIR_15,CCCD833,Household air pollution attributable DALYs,FEMALE,GHE000000,,,,
238,AIR_15,CCCD833,Household air pollution attributable DALYs,FEMALE,GHE000680,,,,
239,AIR_15,CCCD833,Household air pollution attributable DALYs,MALE,GHE000680,,,,
240,AIR_15,CCCD833,Household air pollution attributable DALYs,MALE,GHE001130,,,,
241,AIR_15,CCCD833,Household air pollution attributable DALYs,MALE,GHE001140,,,,
242,AIR_15,CCCD833,Household air pollution attributable DALYs,FEMALE,GHE000390,,,,
243,AIR_15,CCCD833,Household air pollution attributable DALYs,FEMALE,GHE001040,,,,
244,AIR_15,CCCD833,Household air pollution attributable DALYs,FEMALE,GHE001140,,,,
245,AIR_15,CCCD833,Household air pollution attributable DALYs,TOTAL,GHE001130,,,,
246,AIR_15,CCCD833,Household air pollution attributable DALYs,FEMALE,GHE001130,,,,
247,AIR_15,CCCD833,Household air pollution attributable DALYs,MALE,GHE001180,,,,
248,AIR_15,CCCD833,Household air pollution attributable DALYs,TOTAL,GHE000390,,,,
249,AIR_15,CCCD833,Household air pollution attributable DALYs,TOTAL,GHE000680,,,,
250,AIR_39,CCCD833,"Household air pollution attributable DALYs (per 100 000, age-standardized)",FEMALE,GHE001140,,,,
251,AIR_39,CCCD833,"Household air pollution attributable DALYs (per 100 000, age-standardized)",FEMALE,GHE001180,,,,
252,AIR_39,CCCD833,"Household air pollution attributable DALYs (per 100 000, age-standardized)",MALE,GHE000000,,,,
253,AIR_39,CCCD833,"Household air pollution attributable DALYs (per 100 000, age-standardized)",MALE,GHE000680,,,,
254,AIR_39,CCCD833,"Household air pollution attributable DALYs (per 100 000, age-standardized)",MALE,GHE001130,,,,
255,AIR_39,CCCD833,"Household air pollution attributable DALYs (per 100 000, age-standardized)",MALE,GHE001180,,,,
256,AIR_39,CCCD833,"Household air pollution attributable DALYs (per 100 000, age-standardized)",TOTAL,GHE001180,,,,
257,AIR_39,CCCD833,"Household air pollution attributable DALYs (per 100 000, age-standardized)",FEMALE,GHE000680,,,,
258,AIR_39,CCCD833,"Household air pollution attributable DALYs (per 100 000, age-standardized)",FEMALE,GHE000390,,,,
259,AIR_39,CCCD833,"Household air pollution attributable DALYs (per 100 000, age-standardized)",FEMALE,GHE001040,,,,
260,AIR_39,CCCD833,"Household air pollution attributable DALYs (per 100 000, age-standardized)",MALE,GHE000390,,,,
261,AIR_39,CCCD833,"Household air pollution attributable DALYs (per 100 000, age-standardized)",TOTAL,GHE000390,,,,
262,AIR_39,CCCD833,"Household air pollution attributable DALYs (per 100 000, age-standardized)",TOTAL,GHE000680,,,,
263,AIR_39,CCCD833,"Household air pollution attributable DALYs (per 100 000, age-standardized)",FEMALE,GHE000000,,,,
264,AIR_39,CCCD833,"Household air pollution attributable DALYs (per 100 000, age-standardized)",MALE,GHE001140,,,,
265,AIR_39,CCCD833,"Household air pollution attributable DALYs (per 100 000, age-standardized)",TOTAL,GHE000000,,,,
266,AIR_39,CCCD833,"Household air pollution attributable DALYs (per 100 000, age-standardized)",TOTAL,GHE001130,,,,
267,AIR_39,CCCD833,"Household air pollution attributable DALYs (per 100 000, age-standardized)",TOTAL,GHE001140,,,,
268,AIR_39,CCCD833,"Household air pollution attributable DALYs (per 100 000, age-standardized)",FEMALE,GHE001130,,,,
269,AIR_52,CCCD833,"Household air pollution attributable death rate (per 100 000 population, age-standardized)",FEMALE,GHE000680,,,,
270,AIR_52,CCCD833,"Household air pollution attributable death rate (per 100 000 population, age-standardized)",MALE,GHE000000,,,,
271,AIR_52,CCCD833,"Household air pollution attributable death rate (per 100 000 population, age-standardized)",MALE,GHE001130,,,,
272,AIR_52,CCCD833,"Household air pollution attributable death rate (per 100 000 population, age-standardized)",MALE,GHE001140,,,,
273,AIR_52,CCCD833,"Household air pollution attributable death rate (per 100 000 population, age-standardized)",MALE,GHE001180,,,,
274,AIR_52,CCCD833,"Household air pollution attributable death rate (per 100 000 population, age-standardized)",TOTAL,GHE000390,,,,
275,AIR_52,CCCD833,"Household air pollution attributable death rate (per 100 000 population, age-standardized)",FEMALE,GHE000000,,,,
276,AIR_52,CCCD833,"Household air pollution attributable death rate (per 100 000 population, age-standardized)",FEMALE,GHE000390,,,,
277,AIR_52,CCCD833,"Household air pollution attributable death rate (per 100 000 population, age-standardized)",FEMALE,GHE001180,,,,
278,AIR_52,CCCD833,"Household air pollution attributable death rate (per 100 000 population, age-standardized)",TOTAL,GHE000000,,,,
279,AIR_52,CCCD833,"Household air pollution attributable death rate (per 100 000 population, age-standardized)",TOTAL,GHE001140,,,,
280,AIR_52,CCCD833,"Household air pollution attributable death rate (per 100 000 population, age-standardized)",MALE,GHE000680,,,,
281,AIR_52,CCCD833,"Household air pollution attributable death rate (per 100 000 population, age-standardized)",TOTAL,GHE000680,,,,
282,AIR_52,CCCD833,"Household air pollution attributable death rate (per 100 000 population, age-standardized)",TOTAL,GHE001180,,,,
283,AIR_52,CCCD833,"Household air pollution attributable death rate (per 100 000 population, age-standardized)",FEMALE,GHE001130,,,,
284,AIR_52,CCCD833,"Household air pollution attributable death rate (per 100 000 population, age-standardized)",FEMALE,GHE001140,,,,
285,AIR_52,CCCD833,"Household air pollution attributable death rate (per 100 000 population, age-standardized)",MALE,GHE000390,,,,
286,AIR_52,CCCD833,"Household air pollution attributable death rate (per 100 000 population, age-standardized)",TOTAL,GHE001130,,,,
287,AIR_11,CCCD833,Household air pollution attributable deaths,FEMALE,GHE000000,,,,
288,AIR_11,CCCD833,Household air pollution attributable deaths,FEMALE,GHE000680,,,,
289,AIR_11,CCCD833,Household air pollution attributable deaths,FEMALE,GHE001140,,,,
290,AIR_11,CCCD833,Household air pollution attributable deaths,MALE,GHE000680,,,,
291,AIR_11,CCCD833,Household air pollution attributable deaths,TOTAL,GHE001130,,,,
292,AIR_11,CCCD833,Household air pollution attributable deaths,FEMALE,GHE000390,,,,
293,AIR_11,CCCD833,Household air pollution attributable deaths,MALE,GHE000000,,,,
294,AIR_11,CCCD833,Household air pollution attributable deaths,MALE,GHE000390,,,,
295,AIR_11,CCCD833,Household air pollution attributable deaths,MALE,GHE001180,,,,
296,AIR_11,CCCD833,Household air pollution attributable deaths,TOTAL,GHE000000,,,,
297,AIR_11,CCCD833,Household air pollution attributable deaths,TOTAL,GHE000390,,,,
298,AIR_11,CCCD833,Household air pollution attributable deaths,TOTAL,GHE001180,,,,
299,AIR_11,CCCD833,Household air pollution attributable deaths,FEMALE,GHE001130,,,,
300,AIR_11,CCCD833,Household air pollution attributable deaths,MALE,GHE001130,,,,
301,AIR_11,CCCD833,Household air pollution attributable deaths,MALE,GHE001140,,,,
302,AIR_11,CCCD833,Household air pollution attributable deaths,FEMALE,GHE001180,,,,
303,AIR_11,CCCD833,Household air pollution attributable deaths,TOTAL,GHE000680,,,,
304,AIR_11,CCCD833,Household air pollution attributable deaths,TOTAL,GHE001140,,,,
305,AIR_60,80BEA0B,Household and ambient air pollution attributable DALYs,FEMALE,GHE001140,,,,
306,AIR_60,80BEA0B,Household and ambient air pollution attributable DALYs,FEMALE,GHE000390,,,,
307,AIR_60,80BEA0B,Household and ambient air pollution attributable DALYs,FEMALE,GHE001040,,,,
308,AIR_60,80BEA0B,Household and ambient air pollution attributable DALYs,FEMALE,GHE001130,,,,
309,AIR_60,80BEA0B,Household and ambient air pollution attributable DALYs,FEMALE,GHE001180,,,,
310,AIR_60,80BEA0B,Household and ambient air pollution attributable DALYs,MALE,GHE000680,,,,
311,AIR_60,80BEA0B,Household and ambient air pollution attributable DALYs,TOTAL,GHE000390,,,,
312,AIR_60,80BEA0B,Household and ambient air pollution attributable DALYs,TOTAL,GHE001130,,,,
313,AIR_60,80BEA0B,Household and ambient air pollution attributable DALYs,TOTAL,GHE001140,,,,
314,AIR_60,80BEA0B,Household and ambient air pollution attributable DALYs,MALE,GHE000000,,,,
315,AIR_60,80BEA0B,Household and ambient air pollution attributable DALYs,MALE,GHE001180,,,,
316,AIR_60,80BEA0B,Household and ambient air pollution attributable DALYs,TOTAL,GHE000680,,,,
317,AIR_60,80BEA0B,Household and ambient air pollution attributable DALYs,TOTAL,GHE001180,,,,
318,AIR_60,80BEA0B,Household and ambient air pollution attributable DALYs,FEMALE,GHE000000,,,,
319,AIR_60,80BEA0B,Household and ambient air pollution attributable DALYs,FEMALE,GHE000680,,,,
320,AIR_60,80BEA0B,Household and ambient air pollution attributable DALYs,MALE,GHE000390,,,,
321,AIR_60,80BEA0B,Household and ambient air pollution attributable DALYs,MALE,GHE001130,,,,
322,AIR_60,80BEA0B,Household and ambient air pollution attributable DALYs,MALE,GHE001140,,,,
323,AIR_60,80BEA0B,Household and ambient air pollution attributable DALYs,TOTAL,GHE000000,,,,
324,AIR_62,80BEA0B,"Household and ambient air pollution attributable DALYs (per 100 000 capita, age-standardized)",FEMALE,GHE001140,,,,
325,AIR_62,80BEA0B,"Household and ambient air pollution attributable DALYs (per 100 000 capita, age-standardized)",FEMALE,GHE001180,,,,
326,AIR_62,80BEA0B,"Household and ambient air pollution attributable DALYs (per 100 000 capita, age-standardized)",MALE,GHE000390,,,,
327,AIR_62,80BEA0B,"Household and ambient air pollution attributable DALYs (per 100 000 capita, age-standardized)",TOTAL,GHE000680,,,,
328,AIR_62,80BEA0B,"Household and ambient air pollution attributable DALYs (per 100 000 capita, age-standardized)",TOTAL,GHE001140,,,,
329,AIR_62,80BEA0B,"Household and ambient air pollution attributable DALYs (per 100 000 capita, age-standardized)",TOTAL,GHE001180,,,,
330,AIR_62,80BEA0B,"Household and ambient air pollution attributable DALYs (per 100 000 capita, age-standardized)",FEMALE,GHE000000,,,,
331,AIR_62,80BEA0B,"Household and ambient air pollution attributable DALYs (per 100 000 capita, age-standardized)",FEMALE,GHE000680,,,,
332,AIR_62,80BEA0B,"Household and ambient air pollution attributable DALYs (per 100 000 capita, age-standardized)",FEMALE,GHE001040,,,,
333,AIR_62,80BEA0B,"Household and ambient air pollution attributable DALYs (per 100 000 capita, age-standardized)",MALE,GHE001130,,,,
334,AIR_62,80BEA0B,"Household and ambient air pollution attributable DALYs (per 100 000 capita, age-standardized)",MALE,GHE001180,,,,
335,AIR_62,80BEA0B,"Household and ambient air pollution attributable DALYs (per 100 000 capita, age-standardized)",MALE,GHE000000,,,,
336,AIR_62,80BEA0B,"Household and ambient air pollution attributable DALYs (per 100 000 capita, age-standardized)",MALE,GHE000680,,,,
337,AIR_62,80BEA0B,"Household and ambient air pollution attributable DALYs (per 100 000 capita, age-standardized)",TOTAL,GHE000000,,,,
338,AIR_62,80BEA0B,"Household and ambient air pollution attributable DALYs (per 100 000 capita, age-standardized)",TOTAL,GHE000390,,,,
339,AIR_62,80BEA0B,"Household and ambient air pollution attributable DALYs (per 100 000 capita, age-standardized)",FEMALE,GHE000390,,,,
340,AIR_62,80BEA0B,"Household and ambient air pollution attributable DALYs (per 100 000 capita, age-standardized)",FEMALE,GHE001130,,,,
341,AIR_62,80BEA0B,"Household and ambient air pollution attributable DALYs (per 100 000 capita, age-standardized)",MALE,GHE001140,,,,
342,AIR_62,80BEA0B,"Household and ambient air pollution attributable DALYs (per 100 000 capita, age-standardized)",TOTAL,GHE001130,,,,
343,MDG_0000000020,C288D13,Incidence of tuberculosis (per 100 000 population per year),NA,NA,1,Tuberculosis incidence (per 100 000 population),Number of tuberculosis cases per year per 100 000 population.,health status
344,MDG_0000000001,E3CAF2B,Infant mortality rate (probability of dying between birth and age 1 per 1000 live births),TOTAL,MONTHS0-11,,,,
345,MDG_0000000001,E3CAF2B,Infant mortality rate (probability of dying between birth and age 1 per 1000 live births),FEMALE,MONTHS0-11,,,,
346,MDG_0000000001,E3CAF2B,Infant mortality rate (probability of dying between birth and age 1 per 1000 live births),MALE,MONTHS0-11,,,,
347,AIR_35,80BEA0B,Joint effects of air pollution attributable deaths,FEMALE,GHE001140,,,,
348,AIR_35,80BEA0B,Joint effects of air pollution attributable deaths,FEMALE,GHE001180,,,,
349,AIR_35,80BEA0B,Joint effects of air pollution attributable deaths,TOTAL,GHE000000,,,,
350,AIR_35,80BEA0B,Joint effects of air pollution attributable deaths,TOTAL,GHE001130,,,,
351,AIR_35,80BEA0B,Joint effects of air pollution attributable deaths,FEMALE,GHE000000,,,,
352,AIR_35,80BEA0B,Joint effects of air pollution attributable deaths,FEMALE,GHE000680,,,,
353,AIR_35,80BEA0B,Joint effects of air pollution attributable deaths,TOTAL,GHE000680,,,,
354,AIR_35,80BEA0B,Joint effects of air pollution attributable deaths,TOTAL,GHE001140,,,,
355,AIR_35,80BEA0B,Joint effects of air pollution attributable deaths,FEMALE,GHE000390,,,,
356,AIR_35,80BEA0B,Joint effects of air pollution attributable deaths,FEMALE,GHE001130,,,,
357,AIR_35,80BEA0B,Joint effects of air pollution attributable deaths,MALE,GHE000390,,,,
358,AIR_35,80BEA0B,Joint effects of air pollution attributable deaths,MALE,GHE001140,,,,
359,AIR_35,80BEA0B,Joint effects of air pollution attributable deaths,MALE,GHE001180,,,,
360,AIR_35,80BEA0B,Joint effects of air pollution attributable deaths,TOTAL,GHE000390,,,,
361,AIR_35,80BEA0B,Joint effects of air pollution attributable deaths,TOTAL,GHE001180,,,,
362,AIR_35,80BEA0B,Joint effects of air pollution attributable deaths,MALE,GHE000000,,,,
363,AIR_35,80BEA0B,Joint effects of air pollution attributable deaths,MALE,GHE000680,,,,
364,AIR_35,80BEA0B,Joint effects of air pollution attributable deaths,MALE,GHE001130,,,,
365,WHOSIS_000001,90E2E48,Life expectancy at birth (years),MALE,NA,,,,
366,WHOSIS_000001,90E2E48,Life expectancy at birth (years),TOTAL,NA,,,,
367,WHOSIS_000001,90E2E48,Life expectancy at birth (years),FEMALE,NA,,,,
368,MDG_0000000026,AC597B1,Maternal mortality ratio (per 100 000 live births),NA,NA,1,Maternal mortality ratio (per 100 000 live births),Number of maternal deaths per 100 000 live births,health status
369,MCV2,BB4567B,Measles-containing-vaccine second-dose (MCV2) immunization coverage by the nationally recommended age (%),NA,NA,,,,
370,HWF_0001,217795A,"Medical doctors (per 10,000)",NA,NA,1,Density of physicians (per 10 000 population),Number of medical doctors per 10 000,health systems
371,WHOSIS_000016,E3CAF2B,Mortality rate among children ages 5 to 9 years (per 1000 children aged 5),FEMALE,Y5T9,,,,
372,WHOSIS_000016,E3CAF2B,Mortality rate among children ages 5 to 9 years (per 1000 children aged 5),MALE,Y5T9,,,,
373,WHOSIS_000016,E3CAF2B,Mortality rate among children ages 5 to 9 years (per 1000 children aged 5),TOTAL,Y5T9,,,,
374,SDGWSHBOD,ED50112,Mortality rate attributed to exposure to unsafe WASH services (per 100 000 population) (SDG 3.9.2),FEMALE,NA,,,,
375,SDGWSHBOD,ED50112,Mortality rate attributed to exposure to unsafe WASH services (per 100 000 population) (SDG 3.9.2),MALE,NA,,,,
376,SDGWSHBOD,ED50112,Mortality rate attributed to exposure to unsafe WASH services (per 100 000 population) (SDG 3.9.2),TOTAL,NA,1,Mortality rate attributed to exposure to unsafe WASH services (per 100 000 population),"Number of deaths attributable to unsafe water, sanitation and hygeine services (WASH) in a given year",health status
377,SDGPOISON,84FD3DE,Mortality rate attributed to unintentional poisoning (per 100 000 population),TOTAL,NA,1,Mortality rate from unintentional poisoning (per 100 000 population),Number of deaths from unintentional poisonings in a given year (per 100 000 population),health status
378,SDGPOISON,84FD3DE,Mortality rate attributed to unintentional poisoning (per 100 000 population),FEMALE,NA,,,,
379,SDGPOISON,84FD3DE,Mortality rate attributed to unintentional poisoning (per 100 000 population),MALE,NA,,,,
380,CHILDMORT5TO14,E3CAF2B,Mortality rate for 5-14 year-olds (probability of dying per 1000 children aged 5-14 years),TOTAL,Y5T14,,,,
381,CHILDMORT5TO14,E3CAF2B,Mortality rate for 5-14 year-olds (probability of dying per 1000 children aged 5-14 years),FEMALE,Y5T14,,,,
382,CHILDMORT5TO14,E3CAF2B,Mortality rate for 5-14 year-olds (probability of dying per 1000 children aged 5-14 years),MALE,Y5T14,,,,
383,WHOSIS_000003,A4C49D3,Neonatal mortality rate (per 1000 live births),TOTAL,D_LE27,1,Neonatal mortality rate (per 1000 live births),Number of deaths during the first 28 completed days of life per 1000 live births,health status
384,SDGHIV,77D059C,New HIV infections (per 1000 uninfected population),NA,NA,1,New HIV infections (per 1000 uninfected population),Number of new HIV infections per 1000 uninfected population,health status
385,DEATHADO,E3CAF2B,Number of deaths among adolescents (10 to 19 years of age),MALE,Y15T19,,,,
386,DEATHADO,E3CAF2B,Number of deaths among adolescents (10 to 19 years of age),TOTAL,Y10T14,,,,
387,DEATHADO,E3CAF2B,Number of deaths among adolescents (10 to 19 years of age),TOTAL,Y10T19,,,,
388,DEATHADO,E3CAF2B,Number of deaths among adolescents (10 to 19 years of age),FEMALE,Y10T14,,,,
389,DEATHADO,E3CAF2B,Number of deaths among adolescents (10 to 19 years of age),TOTAL,Y15T19,,,,
390,DEATHADO,E3CAF2B,Number of deaths among adolescents (10 to 19 years of age),FEMALE,Y10T19,,,,
391,DEATHADO,E3CAF2B,Number of deaths among adolescents (10 to 19 years of age),FEMALE,Y15T19,,,,
392,DEATHADO,E3CAF2B,Number of deaths among adolescents (10 to 19 years of age),MALE,Y10T19,,,,
393,DEATHADO,E3CAF2B,Number of deaths among adolescents (10 to 19 years of age),MALE,Y10T14,,,,
394,CHILDDEATH5TO14,E3CAF2B,Number of deaths among children 5 to 14 years of age,MALE,Y5T14,,,,
395,CHILDDEATH5TO14,E3CAF2B,Number of deaths among children 5 to 14 years of age,TOTAL,Y5T14,,,,
396,CHILDDEATH5TO14,E3CAF2B,Number of deaths among children 5 to 14 years of age,FEMALE,Y5T14,,,,
397,CM_04,E3CAF2B,Number of deaths among children ages 5 to 9 years,MALE,Y5T9,,,,
398,CM_04,E3CAF2B,Number of deaths among children ages 5 to 9 years,TOTAL,Y5T9,,,,
399,CM_04,E3CAF2B,Number of deaths among children ages 5 to 9 years,FEMALE,Y5T9,,,,
400,CM_02,E3CAF2B,Number of infant deaths,TOTAL,MONTHS0-11,,,,
401,CM_02,E3CAF2B,Number of infant deaths,FEMALE,MONTHS0-11,,,,
402,CM_02,E3CAF2B,Number of infant deaths,MALE,MONTHS0-11,,,,
403,CM_03,E3CAF2B,Number of neonatal deaths,TOTAL,D_LE27,,,,
404,VACCINEPREVENTABLE_WILDPOLIO,7B2BFA6,Number of reported cases of poliomyelitis by wild poliovirus (WPV),NA,NA,,,,
405,CM_01,E3CAF2B,Number of under-five deaths,TOTAL,Y_LT5,,,,
406,CM_01,E3CAF2B,Number of under-five deaths,FEMALE,Y_LT5,,,,
407,CM_01,E3CAF2B,Number of under-five deaths,MALE,Y_LT5,,,,
408,HWF_0006,5C8435F,"Nursing and midwifery personnel (per 10,000)",NA,NA,1,Density of nursing and midwifery personnel (per 10 000 population),Number of nurses and midwifery personnel per 10 000,health systems
409,NUTOVERWEIGHTPREV,64E2430,"Overweight prevalence among children under 5 years of age (% weight-for-height >+2 SD), model-based estimates",NA,NA,,,,
410,HWF_0014,45CA7C8,"Pharmacists  (per 10,000)",NA,NA,1,Density of pharmaceutical personnel (per 10 000 population),Number of pharmacists per 10 000,health systems
411,PCV3,D45F91C,Pneumoccocal conjugate vaccines (PCV3) immunization coverage among 1-year-olds (%),NA,NA,,,,
412,WSH_WATER_SAFELY_MANAGED,1548EA3,Population using safely managed drinking-water services (%),RURAL,NA,,,,
413,WSH_WATER_SAFELY_MANAGED,1548EA3,Population using safely managed drinking-water services (%),URBAN,NA,,,,
414,WSH_WATER_SAFELY_MANAGED,1548EA3,Population using safely managed drinking-water services (%),TOTAL,NA,1,Proportion of population using safely managed drinking-water services (%),Percentage of population using safely managed drinking-water services (%),risk factors
415,WSH_HYGIENE_BASIC,D1223E8,Population with basic handwashing facilities at home (%),TOTAL,NA,1,Proportion of population using a hand-washing facility with soap and water (%),Percentage of population living in households that have basic hygeine services (handwashing facilities) (%),risk factors
416,WSH_HYGIENE_BASIC,D1223E8,Population with basic handwashing facilities at home (%),URBAN,NA,,,,
417,WSH_HYGIENE_BASIC,D1223E8,Population with basic handwashing facilities at home (%),RURAL,NA,,,,
418,FINPROTECTION_CATA_TOT_10_POP,A65146D,"Population with household spending on health greater than 10% of total household budget (SDG 3.8.2, reported data) (%)",AGE60+,POP_TYPE_HOUSEHOLD_HEAD,,,,
419,FINPROTECTION_CATA_TOT_10_POP,A65146D,"Population with household spending on health greater than 10% of total household budget (SDG 3.8.2, reported data) (%)",HH_COMP_MULTIGEN_WITH_OLDER,NA,,,,
420,FINPROTECTION_CATA_TOT_10_POP,A65146D,"Population with household spending on health greater than 10% of total household budget (SDG 3.8.2, reported data) (%)",AGELT60,POP_TYPE_HOUSEHOLD_HEAD,,,,
421,FINPROTECTION_CATA_TOT_10_POP,A65146D,"Population with household spending on health greater than 10% of total household budget (SDG 3.8.2, reported data) (%)",HH_COMP_ADULTS_WITH_KIDS,NA,,,,
422,FINPROTECTION_CATA_TOT_10_POP,A65146D,"Population with household spending on health greater than 10% of total household budget (SDG 3.8.2, reported data) (%)",HH_COMP_MULTIGEN,NA,,,,
423,FINPROTECTION_CATA_TOT_10_POP,A65146D,"Population with household spending on health greater than 10% of total household budget (SDG 3.8.2, reported data) (%)",TOTAL,NA,,,,
424,FINPROTECTION_CATA_TOT_10_POP,A65146D,"Population with household spending on health greater than 10% of total household budget (SDG 3.8.2, reported data) (%)",HH_COMP_ADULTS,NA,,,,
425,FINPROTECTION_CATA_TOT_10_POP,A65146D,"Population with household spending on health greater than 10% of total household budget (SDG 3.8.2, reported data) (%)",HH_COMP_ADULTS_WITH_OLDER,NA,,,,
426,FINPROTECTION_CATA_TOT_10_POP,A65146D,"Population with household spending on health greater than 10% of total household budget (SDG 3.8.2, reported data) (%)",HH_COMP_ONLY_OLDER_ADULTS,NA,,,,
427,FINPROTECTION_CATA_TOT_10_POP,A65146D,"Population with household spending on health greater than 10% of total household budget (SDG 3.8.2, reported data) (%)",FEMALE,POP_TYPE_HOUSEHOLD_HEAD,,,,
428,FINPROTECTION_CATA_TOT_10_POP,A65146D,"Population with household spending on health greater than 10% of total household budget (SDG 3.8.2, reported data) (%)",MALE,POP_TYPE_HOUSEHOLD_HEAD,,,,
429,FINPROTECTION_CATA_TOT_10_POP,A65146D,"Population with household spending on health greater than 10% of total household budget (SDG 3.8.2, reported data) (%)",RURAL,NA,,,,
430,FINPROTECTION_CATA_TOT_10_POP,A65146D,"Population with household spending on health greater than 10% of total household budget (SDG 3.8.2, reported data) (%)",URBAN,NA,,,,
431,FINPROTECTION_CATA_TOT_25_POP,4934B28,"Population with household spending on health greater than 25% of total household budget (SDG 3.8.2, reported data) (%)",TOTAL,NA,,,,
432,FINPROTECTION_CATA_TOT_25_POP,4934B28,"Population with household spending on health greater than 25% of total household budget (SDG 3.8.2, reported data) (%)",RURAL,NA,,,,
433,FINPROTECTION_CATA_TOT_25_POP,4934B28,"Population with household spending on health greater than 25% of total household budget (SDG 3.8.2, reported data) (%)",URBAN,NA,,,,
434,PHE_HHAIR_POP_CLEAN_FUELS,D66483C,Population with primary reliance on clean fuels and technologies for cooking (in millions),RURAL,NA,,,,
435,PHE_HHAIR_POP_CLEAN_FUELS,D66483C,Population with primary reliance on clean fuels and technologies for cooking (in millions),TOTAL,NA,,,,
436,PHE_HHAIR_POP_CLEAN_FUELS,D66483C,Population with primary reliance on clean fuels and technologies for cooking (in millions),URBAN,NA,,,,
437,PHE_HHAIR_POP_CATEGORY_FUELS,D66483C,"Population with primary reliance on fuels and technologies for cooking, by fuel type (in millions)",TOTAL,FUEL_BIOMASS,,,,
438,PHE_HHAIR_POP_CATEGORY_FUELS,D66483C,"Population with primary reliance on fuels and technologies for cooking, by fuel type (in millions)",URBAN,FUEL_BIOMASS,,,,
439,PHE_HHAIR_POP_CATEGORY_FUELS,D66483C,"Population with primary reliance on fuels and technologies for cooking, by fuel type (in millions)",URBAN,FUEL_CHARCOAL,,,,
440,PHE_HHAIR_POP_CATEGORY_FUELS,D66483C,"Population with primary reliance on fuels and technologies for cooking, by fuel type (in millions)",URBAN,FUEL_GAS,,,,
441,PHE_HHAIR_POP_CATEGORY_FUELS,D66483C,"Population with primary reliance on fuels and technologies for cooking, by fuel type (in millions)",RURAL,FUEL_GAS,,,,
442,PHE_HHAIR_POP_CATEGORY_FUELS,D66483C,"Population with primary reliance on fuels and technologies for cooking, by fuel type (in millions)",RURAL,FUEL_KEROSENE,,,,
443,PHE_HHAIR_POP_CATEGORY_FUELS,D66483C,"Population with primary reliance on fuels and technologies for cooking, by fuel type (in millions)",TOTAL,FUEL_CHARCOAL,,,,
444,PHE_HHAIR_POP_CATEGORY_FUELS,D66483C,"Population with primary reliance on fuels and technologies for cooking, by fuel type (in millions)",TOTAL,FUEL_GAS,,,,
445,PHE_HHAIR_POP_CATEGORY_FUELS,D66483C,"Population with primary reliance on fuels and technologies for cooking, by fuel type (in millions)",URBAN,FUEL_ELECTRICITY,,,,
446,PHE_HHAIR_POP_CATEGORY_FUELS,D66483C,"Population with primary reliance on fuels and technologies for cooking, by fuel type (in millions)",RURAL,FUEL_CHARCOAL,,,,
447,PHE_HHAIR_POP_CATEGORY_FUELS,D66483C,"Population with primary reliance on fuels and technologies for cooking, by fuel type (in millions)",TOTAL,FUEL_COAL,,,,
448,PHE_HHAIR_POP_CATEGORY_FUELS,D66483C,"Population with primary reliance on fuels and technologies for cooking, by fuel type (in millions)",TOTAL,FUEL_ELECTRICITY,,,,
449,PHE_HHAIR_POP_CATEGORY_FUELS,D66483C,"Population with primary reliance on fuels and technologies for cooking, by fuel type (in millions)",URBAN,FUEL_COAL,,,,
450,PHE_HHAIR_POP_CATEGORY_FUELS,D66483C,"Population with primary reliance on fuels and technologies for cooking, by fuel type (in millions)",RURAL,FUEL_BIOMASS,,,,
451,PHE_HHAIR_POP_CATEGORY_FUELS,D66483C,"Population with primary reliance on fuels and technologies for cooking, by fuel type (in millions)",RURAL,FUEL_COAL,,,,
452,PHE_HHAIR_POP_CATEGORY_FUELS,D66483C,"Population with primary reliance on fuels and technologies for cooking, by fuel type (in millions)",RURAL,FUEL_ELECTRICITY,,,,
453,PHE_HHAIR_POP_CATEGORY_FUELS,D66483C,"Population with primary reliance on fuels and technologies for cooking, by fuel type (in millions)",TOTAL,FUEL_KEROSENE,,,,
454,PHE_HHAIR_POP_CATEGORY_FUELS,D66483C,"Population with primary reliance on fuels and technologies for cooking, by fuel type (in millions)",URBAN,FUEL_KEROSENE,,,,
455,PHE_HHAIR_POP_POLLUTING_FUELS,D66483C,Population with primary reliance on polluting fuels and technologies for cooking (in millions),TOTAL,NA,,,,
456,PHE_HHAIR_POP_POLLUTING_FUELS,D66483C,Population with primary reliance on polluting fuels and technologies for cooking (in millions),RURAL,NA,,,,
457,PHE_HHAIR_POP_POLLUTING_FUELS,D66483C,Population with primary reliance on polluting fuels and technologies for cooking (in millions),URBAN,NA,,,,
458,NUTRITION_ANAEMIA_REPRODUCTIVEAGE_PREV,8D58801,Prevalence of anaemia in women of reproductive age (aged 15-49) (%),SEVERE,NA,,,,
459,NUTRITION_ANAEMIA_REPRODUCTIVEAGE_PREV,8D58801,Prevalence of anaemia in women of reproductive age (aged 15-49) (%),FEMALE,NA,,,,
460,NUTRITION_ANAEMIA_REPRODUCTIVEAGE_PREV,8D58801,Prevalence of anaemia in women of reproductive age (aged 15-49) (%),MILD,NA,,,,
461,NUTRITION_ANAEMIA_REPRODUCTIVEAGE_PREV,8D58801,Prevalence of anaemia in women of reproductive age (aged 15-49) (%),TOTAL,NA,,,,
462,NUTRITION_ANAEMIA_REPRODUCTIVEAGE_PREV,8D58801,Prevalence of anaemia in women of reproductive age (aged 15-49) (%),MODERATE,NA,,,,
463,NCD_HYP_PREVALENCE_A,608DE39,"Prevalence of hypertension among adults aged 30-79 years, age-standardized",FEMALE,NA,,,,
464,NCD_HYP_PREVALENCE_A,608DE39,"Prevalence of hypertension among adults aged 30-79 years, age-standardized",MALE,NA,,,,
465,NCD_HYP_PREVALENCE_A,608DE39,"Prevalence of hypertension among adults aged 30-79 years, age-standardized",TOTAL,NA,1,Age-standardized prevalence of hypertension among adults aged 30 to 79 years (%),Percentage of adults (30-79) with hypertnesion,risk factors
466,NCD_BMI_30A,BEFA58B,"Prevalence of obesity among adults, BMI &GreaterEqual; 30 (age-standardized estimate) (%)",MALE,Y_GE18,,,,
467,NCD_BMI_30A,BEFA58B,"Prevalence of obesity among adults, BMI &GreaterEqual; 30 (age-standardized estimate) (%)",TOTAL,Y_GE18,1,Age-standardized prevalence of obesity among adults (18+ years) (%),Percentage of adults aged 18+ years with a body mass index (BMI) of 30 kg/m2 or higher,risk factors
468,NCD_BMI_30A,BEFA58B,"Prevalence of obesity among adults, BMI &GreaterEqual; 30 (age-standardized estimate) (%)",FEMALE,Y_GE18,,,,
469,NCD_BMI_PLUS2C,EF93DDB,"Prevalence of obesity among children and adolescents, BMI > +2 standard deviations above the median (crude estimate) (%)",FEMALE,Y5T19,,,,
470,NCD_BMI_PLUS2C,EF93DDB,"Prevalence of obesity among children and adolescents, BMI > +2 standard deviations above the median (crude estimate) (%)",TOTAL,Y10T19,,,,
471,NCD_BMI_PLUS2C,EF93DDB,"Prevalence of obesity among children and adolescents, BMI > +2 standard deviations above the median (crude estimate) (%)",TOTAL,Y5T9,,,,
472,NCD_BMI_PLUS2C,EF93DDB,"Prevalence of obesity among children and adolescents, BMI > +2 standard deviations above the median (crude estimate) (%)",FEMALE,Y10T19,,,,
473,NCD_BMI_PLUS2C,EF93DDB,"Prevalence of obesity among children and adolescents, BMI > +2 standard deviations above the median (crude estimate) (%)",FEMALE,Y5T9,,,,
474,NCD_BMI_PLUS2C,EF93DDB,"Prevalence of obesity among children and adolescents, BMI > +2 standard deviations above the median (crude estimate) (%)",MALE,Y10T19,,,,
475,NCD_BMI_PLUS2C,EF93DDB,"Prevalence of obesity among children and adolescents, BMI > +2 standard deviations above the median (crude estimate) (%)",MALE,Y5T9,,,,
476,NCD_BMI_PLUS2C,EF93DDB,"Prevalence of obesity among children and adolescents, BMI > +2 standard deviations above the median (crude estimate) (%)",TOTAL,Y5T19,1,Prevalence of obesity among children and adolescents aged 5 to 19 years (%),Percentage of children with a body mass index greater than 2 standard deviation above the median,risk factors
477,NCD_BMI_PLUS2C,EF93DDB,"Prevalence of obesity among children and adolescents, BMI > +2 standard deviations above the median (crude estimate) (%)",MALE,Y5T19,,,,
478,NCDMORT3070,1F96863,"Probability (%) of dying between age 30 and exact age 70 from any of cardiovascular disease, cancer, diabetes, or chronic respiratory disease",FEMALE,NA,,,,
479,NCDMORT3070,1F96863,"Probability (%) of dying between age 30 and exact age 70 from any of cardiovascular disease, cancer, diabetes, or chronic respiratory disease",TOTAL,NA,1,Probability of premature mortality from NCDs (%),Percentage of 30-year-old people who would die before their 70th birthday from non-communicable diseases,health status
480,NCDMORT3070,1F96863,"Probability (%) of dying between age 30 and exact age 70 from any of cardiovascular disease, cancer, diabetes, or chronic respiratory disease",MALE,NA,,,,
481,SDGIPV12M,F8524F2,Proportion of ever-partnered women and girls aged 15â49 years subjected to physical and/or sexual violence by a current or former intimate partner in the previous 12 months,NA,NA,1,Proportion of ever-partnered women and girls aged 15 49 years subjected to physical and/or sexual violence by a current or former intimate partner in the previous 12 months (%),Percentage of ever-partnered women who have ever experienced physical and/or sexual violence by an intimate partner,risk factors
482,SDGIPVLT,E0D4E17,Proportion of ever-partnered women and girls aged 15â49 years subjected to physical and/or sexual violence by a current or former intimate partner in their lifetime,NA,NA,1,Proportion of ever- partnered women and girls aged 15 49 years subjected to physical and/or sexual violence by a current or former intimate partner in their lifetime (%),Percentage of ever-partnered women who have experienced physical and/or sexual violence by an intimate partner in the last 12 months,risk factors
483,PHE_HHAIR_PROP_POP_CLEAN_FUELS,6A64C9A,Proportion of population with primary reliance on clean fuels and technologies for cooking (%),RURAL,NA,,,,
484,PHE_HHAIR_PROP_POP_CLEAN_FUELS,6A64C9A,Proportion of population with primary reliance on clean fuels and technologies for cooking (%),URBAN,NA,,,,
485,PHE_HHAIR_PROP_POP_CLEAN_FUELS,6A64C9A,Proportion of population with primary reliance on clean fuels and technologies for cooking (%),TOTAL,NA,1,Proportion of population with primary reliance on clean fuels (%),Percentage of the population with primary reliance on clean fuels and technologies for cooking,risk factors
486,PHE_HHAIR_PROP_POP_CATEGORY_FUELS,D66483C,"Proportion of population with primary reliance on fuels and technologies for cooking, by fuel type (%)",TOTAL,FUEL_BIOMASS,,,,
487,PHE_HHAIR_PROP_POP_CATEGORY_FUELS,D66483C,"Proportion of population with primary reliance on fuels and technologies for cooking, by fuel type (%)",TOTAL,FUEL_ELECTRICITY,,,,
488,PHE_HHAIR_PROP_POP_CATEGORY_FUELS,D66483C,"Proportion of population with primary reliance on fuels and technologies for cooking, by fuel type (%)",URBAN,FUEL_CHARCOAL,,,,
489,PHE_HHAIR_PROP_POP_CATEGORY_FUELS,D66483C,"Proportion of population with primary reliance on fuels and technologies for cooking, by fuel type (%)",RURAL,FUEL_BIOMASS,,,,
490,PHE_HHAIR_PROP_POP_CATEGORY_FUELS,D66483C,"Proportion of population with primary reliance on fuels and technologies for cooking, by fuel type (%)",RURAL,FUEL_CHARCOAL,,,,
491,PHE_HHAIR_PROP_POP_CATEGORY_FUELS,D66483C,"Proportion of population with primary reliance on fuels and technologies for cooking, by fuel type (%)",RURAL,FUEL_GAS,,,,
492,PHE_HHAIR_PROP_POP_CATEGORY_FUELS,D66483C,"Proportion of population with primary reliance on fuels and technologies for cooking, by fuel type (%)",TOTAL,FUEL_CHARCOAL,,,,
493,PHE_HHAIR_PROP_POP_CATEGORY_FUELS,D66483C,"Proportion of population with primary reliance on fuels and technologies for cooking, by fuel type (%)",TOTAL,FUEL_KEROSENE,,,,
494,PHE_HHAIR_PROP_POP_CATEGORY_FUELS,D66483C,"Proportion of population with primary reliance on fuels and technologies for cooking, by fuel type (%)",RURAL,FUEL_ELECTRICITY,,,,
495,PHE_HHAIR_PROP_POP_CATEGORY_FUELS,D66483C,"Proportion of population with primary reliance on fuels and technologies for cooking, by fuel type (%)",TOTAL,FUEL_COAL,,,,
496,PHE_HHAIR_PROP_POP_CATEGORY_FUELS,D66483C,"Proportion of population with primary reliance on fuels and technologies for cooking, by fuel type (%)",TOTAL,FUEL_GAS,,,,
497,PHE_HHAIR_PROP_POP_CATEGORY_FUELS,D66483C,"Proportion of population with primary reliance on fuels and technologies for cooking, by fuel type (%)",RURAL,FUEL_COAL,,,,
498,PHE_HHAIR_PROP_POP_CATEGORY_FUELS,D66483C,"Proportion of population with primary reliance on fuels and technologies for cooking, by fuel type (%)",RURAL,FUEL_KEROSENE,,,,
499,PHE_HHAIR_PROP_POP_CATEGORY_FUELS,D66483C,"Proportion of population with primary reliance on fuels and technologies for cooking, by fuel type (%)",URBAN,FUEL_BIOMASS,,,,
500,PHE_HHAIR_PROP_POP_CATEGORY_FUELS,D66483C,"Proportion of population with primary reliance on fuels and technologies for cooking, by fuel type (%)",URBAN,FUEL_COAL,,,,
501,PHE_HHAIR_PROP_POP_CATEGORY_FUELS,D66483C,"Proportion of population with primary reliance on fuels and technologies for cooking, by fuel type (%)",URBAN,FUEL_ELECTRICITY,,,,
502,PHE_HHAIR_PROP_POP_CATEGORY_FUELS,D66483C,"Proportion of population with primary reliance on fuels and technologies for cooking, by fuel type (%)",URBAN,FUEL_GAS,,,,
503,PHE_HHAIR_PROP_POP_CATEGORY_FUELS,D66483C,"Proportion of population with primary reliance on fuels and technologies for cooking, by fuel type (%)",URBAN,FUEL_KEROSENE,,,,
504,PHE_HHAIR_PROP_POP_POLLUTING_FUELS,D66483C,Proportion of population with primary reliance on polluting fuels and technologies for cooking (%),RURAL,NA,,,,
505,PHE_HHAIR_PROP_POP_POLLUTING_FUELS,D66483C,Proportion of population with primary reliance on polluting fuels and technologies for cooking (%),URBAN,NA,,,,
506,PHE_HHAIR_PROP_POP_POLLUTING_FUELS,D66483C,Proportion of population with primary reliance on polluting fuels and technologies for cooking (%),TOTAL,NA,,,,
507,SDGNTDTREATMENT,2D6FBE4,Reported number of people requiring interventions against NTDs,NA,NA,1,Reported number of people requiring interventions against Neglected Tropical Diseases (NTDs),Number of people requiring treatment and care for any neglected tropical diseases (NTDs),service coverage
508,NUTSTUNTINGPREV,5F8A486,"Stunting prevalence among children under 5 years of age (% height-for-age <-2 SD), model-based estimates",NA,NA,1,Prevalence of stunting in children under 5 (%),Percentage of children (under 5) with height-for-age <-2 standard deviation from the median of the World Health Organization (WHO) Child Growth Standards,risk factors
509,SDGODA01,BBF3A64,"Total net official development assistance to medical research and basic health sectors per capita (US$), by recipient country",NA,NA,1,"Total net official development assistance to medical research and basic health per capita (US$), by recipient country",Total net official development assistance to medical research and basic health sectors per capita (US$),health systems
510,UHC_INDEX_REPORTED,9A706FD,UHC Service Coverage Index (SDG 3.8.1),NA,NA,,,,
511,MDG_0000000007,2322814,Under-five mortality rate (probability of dying by age 5 per 1000 live births),TOTAL,Y_LT5,1,Under-five mortality rate (per 1000 live births),health status,health status
512,MDG_0000000007,2322814,Under-five mortality rate (probability of dying by age 5 per 1000 live births),MALE,Y_LT5,,,,
513,MDG_0000000007,2322814,Under-five mortality rate (probability of dying by age 5 per 1000 live births),FEMALE,Y_LT5,,,,
514,NUTRITION_WH_2,FC5231F,"Wasting prevalence among children under 5 years of age (% weight-for-height <-2 SD), survey-based estimates",NA,NA,,,,
515,NUTRITION_WH_2,FC5231F,"Wasting prevalence among children under 5 years of age (% weight-for-height <-2 SD), survey-based estimates",TOTAL,NA,,,,
516,NUTRITION_WH_2,FC5231F,"Wasting prevalence among children under 5 years of age (% weight-for-height <-2 SD), survey-based estimates",TOTAL,TOTAL,1,Prevalence of wasting in children under 5 (%),Percentage of children (under 5) with weight for height <-2 standard deviation from the median of the World Health Organization (WHO) Child Growth Standards,risk factors
517,NUTRITION_WH_2,FC5231F,"Wasting prevalence among children under 5 years of age (% weight-for-height <-2 SD), survey-based estimates",MONTHS12-17,NA,,,,
518,NUTRITION_WH_2,FC5231F,"Wasting prevalence among children under 5 years of age (% weight-for-height <-2 SD), survey-based estimates",MONTHS12-59,NA,,,,
519,NUTRITION_WH_2,FC5231F,"Wasting prevalence among children under 5 years of age (% weight-for-height <-2 SD), survey-based estimates",MONTHS24-35,NA,,,,
520,NUTRITION_WH_2,FC5231F,"Wasting prevalence among children under 5 years of age (% weight-for-height <-2 SD), survey-based estimates",MONTHS36-47,NA,,,,
521,NUTRITION_WH_2,FC5231F,"Wasting prevalence among children under 5 years of age (% weight-for-height <-2 SD), survey-based estimates",MONTHS42-47,NA,,,,
522,NUTRITION_WH_2,FC5231F,"Wasting prevalence among children under 5 years of age (% weight-for-height <-2 SD), survey-based estimates",MONTHS48-59,NA,,,,
523,NUTRITION_WH_2,FC5231F,"Wasting prevalence among children under 5 years of age (% weight-for-height <-2 SD), survey-based estimates",MONTHS54-59,NA,,,,
524,NUTRITION_WH_2,FC5231F,"Wasting prevalence among children under 5 years of age (% weight-for-height <-2 SD), survey-based estimates",URBAN,NA,,,,
525,NUTRITION_WH_2,FC5231F,"Wasting prevalence among children under 5 years of age (% weight-for-height <-2 SD), survey-based estimates",FEMALE,MONTHS0-11,,,,
526,NUTRITION_WH_2,FC5231F,"Wasting prevalence among children under 5 years of age (% weight-for-height <-2 SD), survey-based estimates",MALE,MONTHS0-11,,,,
527,NUTRITION_WH_2,FC5231F,"Wasting prevalence among children under 5 years of age (% weight-for-height <-2 SD), survey-based estimates",MALE,MONTHS36-41,,,,
528,NUTRITION_WH_2,FC5231F,"Wasting prevalence among children under 5 years of age (% weight-for-height <-2 SD), survey-based estimates",MALE,MONTHS48-53,,,,
529,NUTRITION_WH_2,FC5231F,"Wasting prevalence among children under 5 years of age (% weight-for-height <-2 SD), survey-based estimates",MALE,MONTHS48-59,,,,
530,NUTRITION_WH_2,FC5231F,"Wasting prevalence among children under 5 years of age (% weight-for-height <-2 SD), survey-based estimates",MALE,MONTHS6-11,,,,
531,NUTRITION_WH_2,FC5231F,"Wasting prevalence among children under 5 years of age (% weight-for-height <-2 SD), survey-based estimates",MONTHS0-23,NA,,,,
532,NUTRITION_WH_2,FC5231F,"Wasting prevalence among children under 5 years of age (% weight-for-height <-2 SD), survey-based estimates",MONTHS12-23,NA,,,,
533,NUTRITION_WH_2,FC5231F,"Wasting prevalence among children under 5 years of age (% weight-for-height <-2 SD), survey-based estimates",MONTHS30-35,NA,,,,
534,NUTRITION_WH_2,FC5231F,"Wasting prevalence among children under 5 years of age (% weight-for-height <-2 SD), survey-based estimates",MONTHS6-59,NA,,,,
535,NUTRITION_WH_2,FC5231F,"Wasting prevalence among children under 5 years of age (% weight-for-height <-2 SD), survey-based estimates",FEMALE,MONTHS0-5,,,,
536,NUTRITION_WH_2,FC5231F,"Wasting prevalence among children under 5 years of age (% weight-for-height <-2 SD), survey-based estimates",FEMALE,MONTHS12-59,,,,
537,NUTRITION_WH_2,FC5231F,"Wasting prevalence among children under 5 years of age (% weight-for-height <-2 SD), survey-based estimates",FEMALE,MONTHS36-47,,,,
538,NUTRITION_WH_2,FC5231F,"Wasting prevalence among children under 5 years of age (% weight-for-height <-2 SD), survey-based estimates",FEMALE,MONTHS36-59,,,,
539,NUTRITION_WH_2,FC5231F,"Wasting prevalence among children under 5 years of age (% weight-for-height <-2 SD), survey-based estimates",FEMALE,MONTHS48-53,,,,
540,NUTRITION_WH_2,FC5231F,"Wasting prevalence among children under 5 years of age (% weight-for-height <-2 SD), survey-based estimates",FEMALE,MONTHS54-59,,,,
541,NUTRITION_WH_2,FC5231F,"Wasting prevalence among children under 5 years of age (% weight-for-height <-2 SD), survey-based estimates",MALE,MONTHS12-23,,,,
542,NUTRITION_WH_2,FC5231F,"Wasting prevalence among children under 5 years of age (% weight-for-height <-2 SD), survey-based estimates",MALE,MONTHS18-23,,,,
543,NUTRITION_WH_2,FC5231F,"Wasting prevalence among children under 5 years of age (% weight-for-height <-2 SD), survey-based estimates",MALE,MONTHS30-35,,,,
544,NUTRITION_WH_2,FC5231F,"Wasting prevalence among children under 5 years of age (% weight-for-height <-2 SD), survey-based estimates",MALE,MONTHS36-47,,,,
545,NUTRITION_WH_2,FC5231F,"Wasting prevalence among children under 5 years of age (% weight-for-height <-2 SD), survey-based estimates",MALE,MONTHS42-47,,,,
546,NUTRITION_WH_2,FC5231F,"Wasting prevalence among children under 5 years of age (% weight-for-height <-2 SD), survey-based estimates",MONTHS0-5,NA,,,,
547,NUTRITION_WH_2,FC5231F,"Wasting prevalence among children under 5 years of age (% weight-for-height <-2 SD), survey-based estimates",MONTHS36-41,NA,,,,
548,NUTRITION_WH_2,FC5231F,"Wasting prevalence among children under 5 years of age (% weight-for-height <-2 SD), survey-based estimates",MONTHS36-59,NA,,,,
549,NUTRITION_WH_2,FC5231F,"Wasting prevalence among children under 5 years of age (% weight-for-height <-2 SD), survey-based estimates",MONTHS48-53,NA,,,,
550,NUTRITION_WH_2,FC5231F,"Wasting prevalence among children under 5 years of age (% weight-for-height <-2 SD), survey-based estimates",MONTHS6-11,NA,,,,
551,NUTRITION_WH_2,FC5231F,"Wasting prevalence among children under 5 years of age (% weight-for-height <-2 SD), survey-based estimates",MONTHS6-23,NA,,,,
552,NUTRITION_WH_2,FC5231F,"Wasting prevalence among children under 5 years of age (% weight-for-height <-2 SD), survey-based estimates",RURAL,NA,,,,
553,NUTRITION_WH_2,FC5231F,"Wasting prevalence among children under 5 years of age (% weight-for-height <-2 SD), survey-based estimates",FEMALE,MONTHS0-23,,,,
554,NUTRITION_WH_2,FC5231F,"Wasting prevalence among children under 5 years of age (% weight-for-height <-2 SD), survey-based estimates",FEMALE,MONTHS12-17,,,,
555,NUTRITION_WH_2,FC5231F,"Wasting prevalence among children under 5 years of age (% weight-for-height <-2 SD), survey-based estimates",FEMALE,MONTHS30-35,,,,
556,NUTRITION_WH_2,FC5231F,"Wasting prevalence among children under 5 years of age (% weight-for-height <-2 SD), survey-based estimates",FEMALE,MONTHS6-23,,,,
557,NUTRITION_WH_2,FC5231F,"Wasting prevalence among children under 5 years of age (% weight-for-height <-2 SD), survey-based estimates",FEMALE,MONTHS6-59,,,,
558,NUTRITION_WH_2,FC5231F,"Wasting prevalence among children under 5 years of age (% weight-for-height <-2 SD), survey-based estimates",MALE,MONTHS0-5,,,,
559,NUTRITION_WH_2,FC5231F,"Wasting prevalence among children under 5 years of age (% weight-for-height <-2 SD), survey-based estimates",MALE,MONTHS12-59,,,,
560,NUTRITION_WH_2,FC5231F,"Wasting prevalence among children under 5 years of age (% weight-for-height <-2 SD), survey-based estimates",MALE,MONTHS24-59,,,,
561,NUTRITION_WH_2,FC5231F,"Wasting prevalence among children under 5 years of age (% weight-for-height <-2 SD), survey-based estimates",MALE,MONTHS36-59,,,,
562,NUTRITION_WH_2,FC5231F,"Wasting prevalence among children under 5 years of age (% weight-for-height <-2 SD), survey-based estimates",MALE,MONTHS6-23,,,,
563,NUTRITION_WH_2,FC5231F,"Wasting prevalence among children under 5 years of age (% weight-for-height <-2 SD), survey-based estimates",MALE,MONTHS6-59,,,,
564,NUTRITION_WH_2,FC5231F,"Wasting prevalence among children under 5 years of age (% weight-for-height <-2 SD), survey-based estimates",FEMALE,NA,,,,
565,NUTRITION_WH_2,FC5231F,"Wasting prevalence among children under 5 years of age (% weight-for-height <-2 SD), survey-based estimates",MONTHS0-11,NA,,,,
566,NUTRITION_WH_2,FC5231F,"Wasting prevalence among children under 5 years of age (% weight-for-height <-2 SD), survey-based estimates",MONTHS18-23,NA,,,,
567,NUTRITION_WH_2,FC5231F,"Wasting prevalence among children under 5 years of age (% weight-for-height <-2 SD), survey-based estimates",MONTHS24-29,NA,,,,
568,NUTRITION_WH_2,FC5231F,"Wasting prevalence among children under 5 years of age (% weight-for-height <-2 SD), survey-based estimates",MONTHS24-59,NA,,,,
569,NUTRITION_WH_2,FC5231F,"Wasting prevalence among children under 5 years of age (% weight-for-height <-2 SD), survey-based estimates",FEMALE,MONTHS12-23,,,,
570,NUTRITION_WH_2,FC5231F,"Wasting prevalence among children under 5 years of age (% weight-for-height <-2 SD), survey-based estimates",FEMALE,MONTHS18-23,,,,
571,NUTRITION_WH_2,FC5231F,"Wasting prevalence among children under 5 years of age (% weight-for-height <-2 SD), survey-based estimates",FEMALE,MONTHS24-29,,,,
572,NUTRITION_WH_2,FC5231F,"Wasting prevalence among children under 5 years of age (% weight-for-height <-2 SD), survey-based estimates",FEMALE,MONTHS24-35,,,,
573,NUTRITION_WH_2,FC5231F,"Wasting prevalence among children under 5 years of age (% weight-for-height <-2 SD), survey-based estimates",FEMALE,MONTHS24-59,,,,
574,NUTRITION_WH_2,FC5231F,"Wasting prevalence among children under 5 years of age (% weight-for-height <-2 SD), survey-based estimates",FEMALE,MONTHS36-41,,,,
575,NUTRITION_WH_2,FC5231F,"Wasting prevalence among children under 5 years of age (% weight-for-height <-2 SD), survey-based estimates",FEMALE,MONTHS42-47,,,,
576,NUTRITION_WH_2,FC5231F,"Wasting prevalence among children under 5 years of age (% weight-for-height <-2 SD), survey-based estimates",FEMALE,MONTHS48-59,,,,
577,NUTRITION_WH_2,FC5231F,"Wasting prevalence among children under 5 years of age (% weight-for-height <-2 SD), survey-based estimates",FEMALE,MONTHS6-11,,,,
578,NUTRITION_WH_2,FC5231F,"Wasting prevalence among children under 5 years of age (% weight-for-height <-2 SD), survey-based estimates",MALE,MONTHS0-23,,,,
579,NUTRITION_WH_2,FC5231F,"Wasting prevalence among children under 5 years of age (% weight-for-height <-2 SD), survey-based estimates",MALE,MONTHS12-17,,,,
580,NUTRITION_WH_2,FC5231F,"Wasting prevalence among children under 5 years of age (% weight-for-height <-2 SD), survey-based estimates",MALE,MONTHS24-29,,,,
581,NUTRITION_WH_2,FC5231F,"Wasting prevalence among children under 5 years of age (% weight-for-height <-2 SD), survey-based estimates",MALE,MONTHS24-35,,,,
582,NUTRITION_WH_2,FC5231F,"Wasting prevalence among children under 5 years of age (% weight-for-height <-2 SD), survey-based estimates",MALE,MONTHS54-59,,,,
583,NUTRITION_WH_2,FC5231F,"Wasting prevalence among children under 5 years of age (% weight-for-height <-2 SD), survey-based estimates",MALE,NA,,,,
584,NUTRITION_WH_2,FC5231F,"Wasting prevalence among children under 5 years of age (% weight-for-height <-2 SD), survey-based estimates",WEALTH_MIDDLE60,NA,,,,
585,NUTRITION_WH_2,FC5231F,"Wasting prevalence among children under 5 years of age (% weight-for-height <-2 SD), survey-based estimates",WEALTH_TOP60,NA,,,,
586,NUTRITION_WH_2,FC5231F,"Wasting prevalence among children under 5 years of age (% weight-for-height <-2 SD), survey-based estimates",NHLM,NA,,,,
587,NUTRITION_WH_2,FC5231F,"Wasting prevalence among children under 5 years of age (% weight-for-height <-2 SD), survey-based estimates",WQ2,NA,,,,
588,NUTRITION_WH_2,FC5231F,"Wasting prevalence among children under 5 years of age (% weight-for-height <-2 SD), survey-based estimates",WEALTH_BOTTOM80,NA,,,,
589,NUTRITION_WH_2,FC5231F,"Wasting prevalence among children under 5 years of age (% weight-for-height <-2 SD), survey-based estimates",WQ5,NA,,,,
590,NUTRITION_WH_2,FC5231F,"Wasting prevalence among children under 5 years of age (% weight-for-height <-2 SD), survey-based estimates",WEALTH_BOTTOM40,NA,,,,
591,NUTRITION_WH_2,FC5231F,"Wasting prevalence among children under 5 years of age (% weight-for-height <-2 SD), survey-based estimates",WEALTH_BOTTOM60,NA,,,,
592,NUTRITION_WH_2,FC5231F,"Wasting prevalence among children under 5 years of age (% weight-for-height <-2 SD), survey-based estimates",WEALTH_TOP80,NA,,,,
593,NUTRITION_WH_2,FC5231F,"Wasting prevalence among children under 5 years of age (% weight-for-height <-2 SD), survey-based estimates",EDUC_HIGHER,NA,,,,
594,NUTRITION_WH_2,FC5231F,"Wasting prevalence among children under 5 years of age (% weight-for-height <-2 SD), survey-based estimates",EDUC_NONE_PRIMARY,NA,,,,
595,NUTRITION_WH_2,FC5231F,"Wasting prevalence among children under 5 years of age (% weight-for-height <-2 SD), survey-based estimates",PRLM,NA,,,,
596,NUTRITION_WH_2,FC5231F,"Wasting prevalence among children under 5 years of age (% weight-for-height <-2 SD), survey-based estimates",WQ4,NA,,,,
597,NUTRITION_WH_2,FC5231F,"Wasting prevalence among children under 5 years of age (% weight-for-height <-2 SD), survey-based estimates",WEALTH_TOP40,NA,,,,
598,NUTRITION_WH_2,FC5231F,"Wasting prevalence among children under 5 years of age (% weight-for-height <-2 SD), survey-based estimates",EDUC_SECONDARY,NA,,,,
599,NUTRITION_WH_2,FC5231F,"Wasting prevalence among children under 5 years of age (% weight-for-height <-2 SD), survey-based estimates",SHLM,NA,,,,
600,NUTRITION_WH_2,FC5231F,"Wasting prevalence among children under 5 years of age (% weight-for-height <-2 SD), survey-based estimates",WQ3,NA,,,,
601,NUTRITION_WH_2,FC5231F,"Wasting prevalence among children under 5 years of age (% weight-for-height <-2 SD), survey-based estimates",WQ1,NA,,,,
602,NUTRITION_WH_2,FC5231F,"Wasting prevalence among children under 5 years of age (% weight-for-height <-2 SD), survey-based estimates",WEALTHDECILE03,NA,,,,
603,NUTRITION_WH_2,FC5231F,"Wasting prevalence among children under 5 years of age (% weight-for-height <-2 SD), survey-based estimates",WEALTHDECILE07,NA,,,,
604,NUTRITION_WH_2,FC5231F,"Wasting prevalence among children under 5 years of age (% weight-for-height <-2 SD), survey-based estimates",WEALTHDECILE09,NA,,,,
605,NUTRITION_WH_2,FC5231F,"Wasting prevalence among children under 5 years of age (% weight-for-height <-2 SD), survey-based estimates",WEALTHDECILE04,NA,,,,
606,NUTRITION_WH_2,FC5231F,"Wasting prevalence among children under 5 years of age (% weight-for-height <-2 SD), survey-based estimates",WEALTHDECILE01,NA,,,,
607,NUTRITION_WH_2,FC5231F,"Wasting prevalence among children under 5 years of age (% weight-for-height <-2 SD), survey-based estimates",WEALTHDECILE02,NA,,,,
608,NUTRITION_WH_2,FC5231F,"Wasting prevalence among children under 5 years of age (% weight-for-height <-2 SD), survey-based estimates",WEALTHDECILE06,NA,,,,
609,NUTRITION_WH_2,FC5231F,"Wasting prevalence among children under 5 years of age (% weight-for-height <-2 SD), survey-based estimates",WEALTHDECILE10,NA,,,,
610,NUTRITION_WH_2,FC5231F,"Wasting prevalence among children under 5 years of age (% weight-for-height <-2 SD), survey-based estimates",WEALTHDECILE05,NA,,,,
611,NUTRITION_WH_2,FC5231F,"Wasting prevalence among children under 5 years of age (% weight-for-height <-2 SD), survey-based estimates",WEALTHDECILE08,NA,,,,
612,ASSISTIVETECH_Q06,A77C32D,Workforce availability for assistive technology,ASSISTIVETECH_Q06_03,NA,,,,
613,ASSISTIVETECH_Q06,A77C32D,Workforce availability for assistive technology,ASSISTIVETECH_Q06_04,NA,,,,
614,ASSISTIVETECH_Q06,A77C32D,Workforce availability for assistive technology,ASSISTIVETECH_Q06_01,NA,,,,
615,ASSISTIVETECH_Q06,A77C32D,Workforce availability for assistive technology,ASSISTIVETECH_Q06_02,NA,,,,
616,ASSISTIVETECH_Q06,A77C32D,Workforce availability for assistive technology,ASSISTIVETECH_Q06_06,NA,,,,
617,ASSISTIVETECH_Q06,A77C32D,Workforce availability for assistive technology,ASSISTIVETECH_SUMMARY,NA,,,,
618,ASSISTIVETECH_Q06,A77C32D,Workforce availability for assistive technology,ASSISTIVETECH_Q06_05,NA,,,,
618,WSH_SANITATION_SAFELY_MANAGED,12EE54A,Population using safely managed sanitation services (%),TOTAL,NA,1,Proportion of population using safely managed sanitation services (%),,risk factors
618,WSH_DOMESTIC_WASTE_SAFELY_TREATED,A37BDD6,SDG 6.3.1 Proportion of safely treated domestic wastewater flows (%),NA,NA,1,Proportion of safely treated domestic wastewater flows (%),,risk factors
618,SDGFPALL,8074BD9,Women of reproductive age (aged 15-49 years) who have their need for family planning satisfied with modern methods (%),FEMALE,Y15T49,1,Proportion of women of reproductive age who have their need for family planning satisfied with modern methods (%),,service coverage
